Num_Acc,jour,mois,an,hrmn,lum,dep,com,agg,int,atm,col,adr,lat,long,catr,voie,v1,v2,circ,nbv,vosp,prof,pr,pr1,plan,lartpc,larrout,surf,infra,situ,vma,id_vehicule_x,num_veh_x,senc,catv,obs,obsm,choc,manv,motor,occutc,id_usager_x,id_vehicule_y,num_veh_y,place_x,catu_x,grav_x,sexe_x,an_nais_x,trajet_x,secu1_x,secu2_x,secu3_x,locp_x,actp_x,etatp_x,id_usager_y,id_vehicule,num_veh,place_y,catu_y,grav_y,sexe_y,an_nais_y,trajet_y,secu1_y,secu2_y,secu3_y,locp_y,actp_y,etatp_y,id_usager,place,catu,grav,sexe,an_nais,trajet,secu1,secu2,secu3,locp,actp,etatp
202200010847,31.0,5.0,2022.0,16:20,1.0,69,69264,1.0,1.0,1.0,3.0,Boulevard Burdeau,45.9978,4.73382,3.0,BURDEAU BD,0.0,,2.0,4,2.0,1.0,1,0,1.0,, -1,1.0,0.0,1.0,50.0,794 671,B01,3.0,1.0,0.0,2.0,8.0,1.0,0.0,,,794 671,B01,,,,,,,,,,,,,,,,,,,,,,,,,,,,1 074 109,1.0,1.0,4.0,1.0,1995.0,0.0,8.0,-1.0,-1.0,0.0,0,-1.0
202200010857,17.0,3.0,2022.0,15:15,1.0,69,69381,2.0,3.0,1.0,3.0,Quai Saint Vincent,45.7682558416,4.8156846939,4.0,ST VINCENT                          (QU),0.0,,1.0,1,3.0,1.0,(1),(1),1.0,, -1,1.0,0.0,1.0,50.0,794 652,B01,2.0,1.0,0.0,2.0,8.0,1.0,0.0,,,794 650,A01,,,,,,,,,,,,,,,,,,,,,,,,,,,,1 074 080,1.0,1.0,1.0,1.0,1984.0,4.0,2.0,-1.0,-1.0,-1.0, -1,-1.0
202200010857,17.0,3.0,2022.0,15:15,1.0,69,69381,2.0,3.0,1.0,3.0,Quai Saint Vincent,45.7682558416,4.8156846939,4.0,ST VINCENT                          (QU),0.0,,1.0,1,3.0,1.0,(1),(1),1.0,, -1,1.0,0.0,1.0,50.0,794 652,B01,2.0,1.0,0.0,2.0,8.0,1.0,0.0,,,794 652,B01,,,,,,,,,,,,,,,,,,,,,,,,,,,,1 074 084,1.0,1.0,3.0,1.0,1984.0,5.0,2.0,-1.0,-1.0,-1.0, -1,-1.0
202200010885,19.0,11.0,2022.0,18:45,3.0,69,69266,2.0,6.0,1.0,2.0,Rue Gabriel Péri,45.77062,4.86342,4.0,GABRIEL PERI         (Rue),0.0,,2.0,2,2.0,1.0,(1),(1),1.0,, -1,1.0,0.0,1.0,50.0,794 592,A01,0.0,1.0,0.0,2.0,1.0,1.0,5.0,,,794 590,B01,,,,,,,,,,,,,,,,,,,,,,,,,,,,1 074 008,1.0,1.0,1.0,1.0,1962.0,0.0,1.0,-1.0,-1.0,0.0,0,-1.0
202200010885,19.0,11.0,2022.0,18:45,3.0,69,69266,2.0,6.0,1.0,2.0,Rue Gabriel Péri,45.77062,4.86342,4.0,GABRIEL PERI         (Rue),0.0,,2.0,2,2.0,1.0,(1),(1),1.0,, -1,1.0,0.0,1.0,50.0,794 592,A01,0.0,1.0,0.0,2.0,1.0,1.0,5.0,,,794 592,A01,,,,,,,,,,,,,,,,,,,,,,,,,,,,1 074 010,1.0,1.0,4.0,1.0,1981.0,0.0,2.0,-1.0,-1.0,0.0,0,-1.0
202200011050,17.0,3.0,2022.0,16:30,1.0,69,69264,2.0,1.0,1.0,3.0,Rue de Belleville,45.99614,4.71907,3.0,BELLEVILLE (rue de),0.0,,2.0,2,0.0,1.0,(1),(1),1.0,, -1,1.0,0.0,1.0,50.0,794 292,B01,1.0,1.0,1.0,2.0,1.0,2.0,0.0,,,794 292,B01,,,,,,,,,,,,,,,,,,,,,,,,,,,,1 073 600,1.0,1.0,4.0,1.0,2001.0,0.0,8.0,-1.0,-1.0,-1.0, -1,-1.0
202200011050,17.0,3.0,2022.0,16:30,1.0,69,69264,2.0,1.0,1.0,3.0,Rue de Belleville,45.99614,4.71907,3.0,BELLEVILLE (rue de),0.0,,2.0,2,0.0,1.0,(1),(1),1.0,, -1,1.0,0.0,1.0,50.0,794 292,B01,1.0,1.0,1.0,2.0,1.0,2.0,0.0,,,794 294,A01,,,,,,,,,,,,,,,,,,,,,,,,,,,,1 073 602,1.0,1.0,1.0,2.0,1969.0,0.0,1.0,-1.0,-1.0,0.0,0,-1.0
202200011881,27.0,4.0,2022.0,15:30,1.0,69,69244,2.0,6.0,1.0,3.0,Rond-Point des Clarisses,45.765788,4.751878,7.0,,-1.0,D,2.0,4,1.0,2.0,(1),(1),3.0,,4,1.0,5.0,1.0,50.0,792 824,B01,0.0,1.0,0.0,2.0,7.0,1.0,5.0,,,792 823,A01,,,,,,,,,,,,,,,,,,,,,,,,,,,,1 071 702,1.0,1.0,1.0,1.0,1955.0,5.0,1.0,-1.0,-1.0,0.0,0,-1.0
202200011881,27.0,4.0,2022.0,15:30,1.0,69,69244,2.0,6.0,1.0,3.0,Rond-Point des Clarisses,45.765788,4.751878,7.0,,-1.0,D,2.0,4,1.0,2.0,(1),(1),3.0,,4,1.0,5.0,1.0,50.0,792 824,B01,0.0,1.0,0.0,2.0,7.0,1.0,5.0,,,792 824,B01,,,,,,,,,,,,,,,,,,,,,,,,,,,,1 071 703,1.0,1.0,4.0,1.0,1945.0,5.0,2.0,9.0,-1.0,0.0,0,-1.0
202200012394,12.0,10.0,2022.0,12:40,1.0,69,69386,2.0,2.0,1.0,3.0,Rue Garibaldi,45.76734,4.85075,4.0,GARIBALDI                           (R ),0.0,,1.0,2,3.0,1.0,(1),(1),1.0,, -1,1.0,0.0,1.0,50.0,791 941,A01,1.0,1.0,0.0,2.0,1.0,1.0,5.0,,,791 938,B01,,,,,,,,,,,,,,,,,,,,,,,,,,,,1 070 537,1.0,1.0,1.0,1.0,1966.0,4.0,1.0,-1.0,-1.0,-1.0, -1,-1.0
202200012394,12.0,10.0,2022.0,12:40,1.0,69,69386,2.0,2.0,1.0,3.0,Rue Garibaldi,45.76734,4.85075,4.0,GARIBALDI                           (R ),0.0,,1.0,2,3.0,1.0,(1),(1),1.0,, -1,1.0,0.0,1.0,50.0,791 941,A01,1.0,1.0,0.0,2.0,1.0,1.0,5.0,,,791 941,A01,,,,,,,,,,,,,,,,,,,,,,,,,,,,1 070 540,1.0,1.0,4.0,1.0,1975.0,0.0,8.0,-1.0,-1.0,-1.0, -1,-1.0
202200012453,12.0,10.0,2022.0,14:05,1.0,69,69091,2.0,3.0,1.0,3.0,Quai Ethel et Julius Rosenberg,45.58076,4.77882,7.0,ROSENBERG (Q),0.0,,1.0,1,2.0,1.0,(1),(1),1.0,, -1,1.0,5.0,1.0,50.0,791 826,B01,3.0,1.0,0.0,2.0,6.0,15.0,5.0,,,791 825,A01,,,,,,,,,,,,,,,,,,,,,,,,,,,,1 070 389,1.0,1.0,1.0,2.0,1973.0,0.0,1.0,-1.0,-1.0,-1.0, -1,-1.0
202200012453,12.0,10.0,2022.0,14:05,1.0,69,69091,2.0,3.0,1.0,3.0,Quai Ethel et Julius Rosenberg,45.58076,4.77882,7.0,ROSENBERG (Q),0.0,,1.0,1,2.0,1.0,(1),(1),1.0,, -1,1.0,5.0,1.0,50.0,791 826,B01,3.0,1.0,0.0,2.0,6.0,15.0,5.0,,,791 826,B01,,,,,,,,,,,,,,,,,,,,,,,,,,,,1 070 390,1.0,1.0,4.0,1.0,1963.0,5.0,2.0,-1.0,-1.0,-1.0, -1,-1.0
202200012795,30.0,5.0,2022.0,19:15,1.0,69,69388,2.0,2.0,1.0,2.0,Avenue Général Frère,45.72849,4.88146,4.0,GENERAL FRERE (DU)                  (AV),0.0,,2.0,2,2.0,1.0,(1),(1),1.0,, -1,1.0,0.0,5.0,50.0,791 261,B01,2.0,1.0,0.0,2.0,5.0,1.0,0.0,,,791 260,A01,,,,,,,,,,,,,,,,,,,,,,,,,,,,1 069 561,1.0,1.0,1.0,1.0,2004.0,0.0,8.0,-1.0,-1.0,0.0,0,-1.0
202200012795,30.0,5.0,2022.0,19:15,1.0,69,69388,2.0,2.0,1.0,2.0,Avenue Général Frère,45.72849,4.88146,4.0,GENERAL FRERE (DU)                  (AV),0.0,,2.0,2,2.0,1.0,(1),(1),1.0,, -1,1.0,0.0,5.0,50.0,791 261,B01,2.0,1.0,0.0,2.0,5.0,1.0,0.0,,,791 261,B01,,,,,,,,,,,,,,,,,,,,,,,,,,,,1 069 562,1.0,1.0,4.0,1.0,1974.0,0.0,8.0,-1.0,-1.0,0.0,0,-1.0
202200013276,9.0,9.0,2022.0,08:00,2.0,69,69387,2.0,2.0,1.0,3.0,Avenue Jean Jaurès,45.7381,4.83775,4.0,,0.0,,2.0,2,3.0,1.0,(1),(1),1.0,, -1,1.0,0.0,8.0,50.0,790 406,B01,3.0,1.0,0.0,2.0,0.0,0.0,5.0,,,790 406,B01,,,,,,,,,,,,,,,,,,,,,,,,,,,,1 068 409,1.0,1.0,4.0,1.0,1990.0,1.0,8.0,-1.0,-1.0,0.0,0,-1.0
202200013276,9.0,9.0,2022.0,08:00,2.0,69,69387,2.0,2.0,1.0,3.0,Avenue Jean Jaurès,45.7381,4.83775,4.0,,0.0,,2.0,2,3.0,1.0,(1),(1),1.0,, -1,1.0,0.0,8.0,50.0,790 406,B01,3.0,1.0,0.0,2.0,0.0,0.0,5.0,,,790 409,A01,,,,,,,,,,,,,,,,,,,,,,,,,,,,1 068 414,1.0,1.0,1.0,2.0,,0.0,8.0,-1.0,-1.0,-1.0, -1,-1.0
202200013281,9.0,9.0,2022.0,06:10,2.0,69,69383,2.0,2.0,1.0,3.0,Avenue Félix Faure,45.752903296,4.8520562053,4.0,FELIX FAURE                         (AV),0.0,,1.0,1,3.0,1.0,(1),(1),1.0,, -1,1.0,0.0,1.0,30.0,790 401,A01,1.0,1.0,0.0,2.0,1.0,1.0,0.0,,,790 398,B01,,,,,,,,,,,,,,,,,,,,,,,,,,,,1 068 399,1.0,1.0,1.0,1.0,2001.0,1.0,1.0,-1.0,-1.0,0.0,0,-1.0
202200013281,9.0,9.0,2022.0,06:10,2.0,69,69383,2.0,2.0,1.0,3.0,Avenue Félix Faure,45.752903296,4.8520562053,4.0,FELIX FAURE                         (AV),0.0,,1.0,1,3.0,1.0,(1),(1),1.0,, -1,1.0,0.0,1.0,30.0,790 401,A01,1.0,1.0,0.0,2.0,1.0,1.0,0.0,,,790 401,A01,,,,,,,,,,,,,,,,,,,,,,,,,,,,1 068 403,1.0,1.0,4.0,1.0,1988.0,1.0,2.0,-1.0,-1.0,0.0,0,-1.0
202200013299,9.0,9.0,2022.0,13:47,1.0,69,69152,2.0,6.0,1.0,3.0,Chemin des Mûriers,45.69498,4.82669,7.0,EUROPE (DE L')                      (BD),0.0,,1.0,1,0.0,1.0,4,0,3.0,, -1,1.0,0.0,5.0,50.0,790 370,B01,3.0,1.0,0.0,2.0,1.0,5.0,5.0,,,790 367,A01,,,,,,,,,,,,,,,,,,,,,,,,,,,,1 068 359,1.0,1.0,1.0,1.0,1999.0,3.0,1.0,-1.0,-1.0,0.0,0,-1.0
202200013299,9.0,9.0,2022.0,13:47,1.0,69,69152,2.0,6.0,1.0,3.0,Chemin des Mûriers,45.69498,4.82669,7.0,EUROPE (DE L')                      (BD),0.0,,1.0,1,0.0,1.0,4,0,3.0,, -1,1.0,0.0,5.0,50.0,790 370,B01,3.0,1.0,0.0,2.0,1.0,5.0,5.0,,,790 367,A01,,,,,,,,,,,,,,,,,,,,,,,,,,,,1 068 361,2.0,2.0,1.0,2.0,2001.0,3.0,1.0,-1.0,-1.0,0.0,0,-1.0
202200013299,9.0,9.0,2022.0,13:47,1.0,69,69152,2.0,6.0,1.0,3.0,Chemin des Mûriers,45.69498,4.82669,7.0,EUROPE (DE L')                      (BD),0.0,,1.0,1,0.0,1.0,4,0,3.0,, -1,1.0,0.0,5.0,50.0,790 370,B01,3.0,1.0,0.0,2.0,1.0,5.0,5.0,,,790 370,B01,,,,,,,,,,,,,,,,,,,,,,,,,,,,1 068 363,1.0,1.0,4.0,2.0,1968.0,5.0,2.0,-1.0,-1.0,0.0,0,-1.0
202200013320,22.0,12.0,2022.0,12:40,1.0,69,69383,2.0,1.0,1.0,6.0,Rue Léon Jouhaux,45.75624,4.8541,4.0,LEON JOUHAUX                        (R ),0.0,,-1.0,1,0.0,1.0,(1),(1),1.0,, -1,1.0,0.0,3.0,30.0,790 335,B01,2.0,1.0,1.0,0.0,1.0,2.0,5.0,,,790 335,B01,,,,,,,,,,,,,,,,,,,,,,,,,,,,1 068 316,1.0,1.0,4.0,1.0,1988.0,5.0,8.0,-1.0,-1.0,0.0,0,-1.0
202200013328,22.0,12.0,2022.0,16:08,1.0,69,69382,2.0,1.0,2.0,6.0,10 Rue de la Barre,45.7576038947,4.8355168104,4.0,BARRE (DE LA)                       (R ),0.0,,1.0,1,2.0,1.0,(1),(1),1.0,, -1,2.0,0.0,5.0,30.0,790 323,A01,1.0,1.0,0.0,1.0,1.0,1.0,6.0,,,790 323,A01,,,,,,,,,,,,,,,,,,,,,,,,,,,,1 068 299,1.0,1.0,1.0,1.0,1994.0,3.0,2.0,-1.0,-1.0,0.0,0,-1.0
202200013328,22.0,12.0,2022.0,16:08,1.0,69,69382,2.0,1.0,2.0,6.0,10 Rue de la Barre,45.7576038947,4.8355168104,4.0,BARRE (DE LA)                       (R ),0.0,,1.0,1,2.0,1.0,(1),(1),1.0,, -1,2.0,0.0,5.0,30.0,790 323,A01,1.0,1.0,0.0,1.0,1.0,1.0,6.0,,,790 323,A01,,,,,,,,,,,,,,,,,,,,,,,,,,,,1 068 300,10.0,3.0,4.0,2.0,1998.0,5.0,0.0,-1.0,-1.0,3.0,3,1.0
202200013618,25.0,4.0,2022.0,08:30,1.0,69,69388,2.0,3.0,1.0,3.0,Rue Joseph Chapelle,45.73574,4.86754,4.0,JOSEPH CHAPELLE                     (R ),0.0,,1.0,1,0.0,1.0,(1),(1),1.0,, -1,1.0,0.0,1.0,30.0,789 819,B01,2.0,1.0,0.0,2.0,2.0,1.0,0.0,,,789 819,B01,,,,,,,,,,,,,,,,,,,,,,,,,,,,1 067 656,1.0,1.0,4.0,2.0,1978.0,4.0,2.0,-1.0,-1.0,0.0,0,-1.0
202200013618,25.0,4.0,2022.0,08:30,1.0,69,69388,2.0,3.0,1.0,3.0,Rue Joseph Chapelle,45.73574,4.86754,4.0,JOSEPH CHAPELLE                     (R ),0.0,,1.0,1,0.0,1.0,(1),(1),1.0,, -1,1.0,0.0,1.0,30.0,789 819,B01,2.0,1.0,0.0,2.0,2.0,1.0,0.0,,,789 820,A01,,,,,,,,,,,,,,,,,,,,,,,,,,,,1 067 658,1.0,1.0,1.0,2.0,1967.0,1.0,1.0,-1.0,-1.0,0.0,0,-1.0
202200013794,5.0,2.0,2022.0,23:00,5.0,69,69383,2.0,1.0,1.0,2.0,42 Rue Feuillat,45.7506349257,4.8760601878,4.0,FEUILLAT                            (R ),0.0,,2.0,2,0.0,1.0,(1),(1),1.0,, -1,1.0,0.0,1.0,50.0,789 514,B01,0.0,1.0,0.0,2.0,4.0,1.0,5.0,,,789 514,B01,,,,,,,,,,,,,,,,,,,,,,,,,,,,1 067 240,1.0,1.0,4.0,1.0,1974.0,0.0,8.0,-1.0,-1.0,-1.0, -1,-1.0
202200013794,5.0,2.0,2022.0,23:00,5.0,69,69383,2.0,1.0,1.0,2.0,42 Rue Feuillat,45.7506349257,4.8760601878,4.0,FEUILLAT                            (R ),0.0,,2.0,2,0.0,1.0,(1),(1),1.0,, -1,1.0,0.0,1.0,50.0,789 514,B01,0.0,1.0,0.0,2.0,4.0,1.0,5.0,,,789 515,A01,,,,,,,,,,,,,,,,,,,,,,,,,,,,1 067 241,1.0,1.0,1.0,-1.0,,-1.0,8.0,-1.0,-1.0,-1.0, -1,-1.0
202200014254,23.0,6.0,2022.0,07:45,1.0,69,69084,2.0,3.0,1.0,1.0,Route de la Gare,46.192309,4.704241,3.0,32,0.0,,2.0,2,0.0,2.0,7,500,1.0,, -1,1.0,0.0,1.0,50.0,788 685,B01,0.0,1.0,0.0,2.0,8.0,1.0,5.0,,,788 685,B01,,,,,,,,,,,,,,,,,,,,,,,,,,,,1 066 102,1.0,1.0,3.0,2.0,1977.0,1.0,2.0,-1.0,-1.0,0.0,0,-1.0
202200014254,23.0,6.0,2022.0,07:45,1.0,69,69084,2.0,3.0,1.0,1.0,Route de la Gare,46.192309,4.704241,3.0,32,0.0,,2.0,2,0.0,2.0,7,500,1.0,, -1,1.0,0.0,1.0,50.0,788 685,B01,0.0,1.0,0.0,2.0,8.0,1.0,5.0,,,788 687,A01,,,,,,,,,,,,,,,,,,,,,,,,,,,,1 066 103,1.0,1.0,1.0,2.0,1971.0,1.0,1.0,-1.0,-1.0,0.0,0,-1.0
202200014492,29.0,7.0,2022.0,08:50,1.0,69,69382,2.0,1.0,1.0,6.0,Rue Victor Hugo,45.75178,4.82837,4.0,VICTOR HUGO                         (R ),0.0,,-1.0,0,0.0,1.0,(1),(1),1.0,, -1,1.0,6.0,6.0,30.0,788 255,A01,1.0,1.0,0.0,1.0,2.0,0.0,6.0,,,788 255,A01,,,,,,,,,,,,,,,,,,,,,,,,,,,,1 065 511,1.0,1.0,1.0,1.0,1994.0,4.0,8.0,-1.0,-1.0,0.0,0,-1.0
202200014492,29.0,7.0,2022.0,08:50,1.0,69,69382,2.0,1.0,1.0,6.0,Rue Victor Hugo,45.75178,4.82837,4.0,VICTOR HUGO                         (R ),0.0,,-1.0,0,0.0,1.0,(1),(1),1.0,, -1,1.0,6.0,6.0,30.0,788 255,A01,1.0,1.0,0.0,1.0,2.0,0.0,6.0,,,788 255,A01,,,,,,,,,,,,,,,,,,,,,,,,,,,,1 065 513,10.0,3.0,4.0,2.0,2018.0,5.0,0.0,-1.0,-1.0,5.0,1,2.0
202200015678,19.0,12.0,2022.0,16:30,2.0,69,69383,2.0,3.0,1.0,3.0,Avenue Félix Faure,45.7532887893,4.8561635613,4.0,FELIX FAURE                         (AV),0.0,,1.0,1,3.0,1.0,(1),(1),1.0,, -1,1.0,0.0,1.0,30.0,786 151,B01,1.0,1.0,0.0,2.0,1.0,8.0,0.0,,,786 151,B01,,,,,,,,,,,,,,,,,,,,,,,,,,,,1 062 701,1.0,1.0,4.0,1.0,1981.0,0.0,2.0,-1.0,-1.0,0.0,0,-1.0
202200015678,19.0,12.0,2022.0,16:30,2.0,69,69383,2.0,3.0,1.0,3.0,Avenue Félix Faure,45.7532887893,4.8561635613,4.0,FELIX FAURE                         (AV),0.0,,1.0,1,3.0,1.0,(1),(1),1.0,, -1,1.0,0.0,1.0,30.0,786 151,B01,1.0,1.0,0.0,2.0,1.0,8.0,0.0,,,786 154,A01,,,,,,,,,,,,,,,,,,,,,,,,,,,,1 062 704,1.0,1.0,1.0,1.0,1998.0,0.0,8.0,-1.0,-1.0,0.0,0,-1.0
202200015695,8.0,9.0,2022.0,15:20,1.0,69,69023,1.0,1.0,1.0,2.0,Route Départementale 19,46.029046,4.649405,3.0,19,-1.0,,2.0,2,0.0,2.0,34,800,1.0,, -1,1.0,0.0,1.0,80.0,786 119,B01,0.0,1.0,0.0,2.0,4.0,1.0,5.0,,,786 118,A01,,,,,,,,,,,,,,,,,,,,,,,,,,,,1 062 660,1.0,1.0,1.0,1.0,1956.0,4.0,1.0,-1.0,-1.0,0.0,0,-1.0
202200015695,8.0,9.0,2022.0,15:20,1.0,69,69023,1.0,1.0,1.0,2.0,Route Départementale 19,46.029046,4.649405,3.0,19,-1.0,,2.0,2,0.0,2.0,34,800,1.0,, -1,1.0,0.0,1.0,80.0,786 119,B01,0.0,1.0,0.0,2.0,4.0,1.0,5.0,,,786 119,B01,,,,,,,,,,,,,,,,,,,,,,,,,,,,1 062 661,1.0,1.0,3.0,1.0,1951.0,5.0,2.0,-1.0,-1.0,0.0,0,-1.0
202200016043,28.0,6.0,2022.0,17:00,1.0,69,69094,2.0,3.0,7.0,3.0,Route du Col de la Luère,45.749199,4.686141,3.0,,0.0,,2.0,2,0.0,1.0,1,500,3.0,,7,1.0,0.0,1.0,50.0,785 510,B01,2.0,1.0,0.0,2.0,1.0,9.0,5.0,,,785 507,A01,,,,,,,,,,,,,,,,,,,,,,,,,,,,1 061 783,1.0,1.0,1.0,1.0,1946.0,5.0,1.0,-1.0,-1.0,0.0,0,-1.0
202200016043,28.0,6.0,2022.0,17:00,1.0,69,69094,2.0,3.0,7.0,3.0,Route du Col de la Luère,45.749199,4.686141,3.0,,0.0,,2.0,2,0.0,1.0,1,500,3.0,,7,1.0,0.0,1.0,50.0,785 510,B01,2.0,1.0,0.0,2.0,1.0,9.0,5.0,,,785 510,B01,,,,,,,,,,,,,,,,,,,,,,,,,,,,1 061 786,1.0,1.0,3.0,1.0,1989.0,5.0,2.0,-1.0,-1.0,0.0,0,-1.0
202200016104,22.0,4.0,2022.0,12:40,1.0,69,69034,2.0,2.0,1.0,1.0,37 Chemin de Crépieux,45.80102,4.85518,7.0,GENERAL LECLERC                     (AV),0.0,,2.0,2,3.0,1.0,(1),(1),1.0,, -1,1.0,5.0,1.0,50.0,785 391,B01,1.0,1.0,0.0,2.0,1.0,1.0,5.0,,,785 389,A01,,,,,,,,,,,,,,,,,,,,,,,,,,,,1 061 640,1.0,1.0,1.0,2.0,1980.0,5.0,1.0,-1.0,-1.0,0.0,0,-1.0
202200016104,22.0,4.0,2022.0,12:40,1.0,69,69034,2.0,2.0,1.0,1.0,37 Chemin de Crépieux,45.80102,4.85518,7.0,GENERAL LECLERC                     (AV),0.0,,2.0,2,3.0,1.0,(1),(1),1.0,, -1,1.0,5.0,1.0,50.0,785 391,B01,1.0,1.0,0.0,2.0,1.0,1.0,5.0,,,785 391,B01,,,,,,,,,,,,,,,,,,,,,,,,,,,,1 061 642,1.0,1.0,4.0,1.0,1976.0,1.0,2.0,-1.0,-1.0,0.0,0,-1.0
202200016507,28.0,7.0,2022.0,18:30,1.0,69,69388,2.0,2.0,1.0,3.0,Rue Marius Berliet,45.7396,4.86573,4.0,MARIUS BERLIET                      (R ),0.0,,1.0,1,3.0,1.0,(1),(1),1.0,, -1,1.0,0.0,6.0,50.0,784 672,B01,2.0,1.0,0.0,2.0,0.0,0.0,5.0,,,784 672,B01,,,,,,,,,,,,,,,,,,,,,,,,,,,,1 060 687,1.0,1.0,4.0,1.0,1986.0,0.0,8.0,-1.0,-1.0,-1.0, -1,-1.0
202200016507,28.0,7.0,2022.0,18:30,1.0,69,69388,2.0,2.0,1.0,3.0,Rue Marius Berliet,45.7396,4.86573,4.0,MARIUS BERLIET                      (R ),0.0,,1.0,1,3.0,1.0,(1),(1),1.0,, -1,1.0,0.0,6.0,50.0,784 672,B01,2.0,1.0,0.0,2.0,0.0,0.0,5.0,,,784 673,A01,,,,,,,,,,,,,,,,,,,,,,,,,,,,1 060 689,1.0,1.0,1.0,2.0,1968.0,0.0,8.0,-1.0,-1.0,-1.0, -1,-1.0
202200016591,15.0,11.0,2022.0,15:00,1.0,69,69029,2.0,2.0,2.0,1.0,Rue Hélène Boucher,45.74616,4.92347,4.0,HELENE BOUCHER                      (R ),0.0,,2.0,2,0.0,1.0,(1),(1),1.0,, -1,2.0,0.0,1.0,50.0,784 521,B01,2.0,1.0,0.0,2.0,3.0,9.0,0.0,,,784 519,A01,,,,,,,,,,,,,,,,,,,,,,,,,,,,1 060 498,1.0,1.0,1.0,1.0,1959.0,0.0,1.0,-1.0,-1.0,0.0,0,-1.0
202200016591,15.0,11.0,2022.0,15:00,1.0,69,69029,2.0,2.0,2.0,1.0,Rue Hélène Boucher,45.74616,4.92347,4.0,HELENE BOUCHER                      (R ),0.0,,2.0,2,0.0,1.0,(1),(1),1.0,, -1,2.0,0.0,1.0,50.0,784 521,B01,2.0,1.0,0.0,2.0,3.0,9.0,0.0,,,784 521,B01,,,,,,,,,,,,,,,,,,,,,,,,,,,,1 060 500,1.0,1.0,4.0,2.0,2002.0,0.0,2.0,-1.0,-1.0,0.0,0,-1.0
202200016751,2.0,2.0,2022.0,17:00,1.0,69,69266,2.0,1.0,1.0,6.0,Rue Antonin Perrin,45.76043,4.88488,4.0,ANTONIN PERRIN     (Rue),0.0,,2.0,2,2.0,1.0,(1),(1),1.0,, -1,1.0,0.0,1.0,50.0,784 230,B01,2.0,1.0,1.0,2.0,1.0,0.0,5.0,,,784 227,A01,,,,,,,,,,,,,,,,,,,,,,,,,,,,1 060 127,1.0,1.0,1.0,1.0,1972.0,0.0,1.0,-1.0,-1.0,-1.0, -1,-1.0
202200016751,2.0,2.0,2022.0,17:00,1.0,69,69266,2.0,1.0,1.0,6.0,Rue Antonin Perrin,45.76043,4.88488,4.0,ANTONIN PERRIN     (Rue),0.0,,2.0,2,2.0,1.0,(1),(1),1.0,, -1,1.0,0.0,1.0,50.0,784 230,B01,2.0,1.0,1.0,2.0,1.0,0.0,5.0,,,784 227,A01,,,,,,,,,,,,,,,,,,,,,,,,,,,,1 060 129,2.0,2.0,1.0,1.0,2007.0,0.0,1.0,-1.0,-1.0,0.0,0,-1.0
202200016751,2.0,2.0,2022.0,17:00,1.0,69,69266,2.0,1.0,1.0,6.0,Rue Antonin Perrin,45.76043,4.88488,4.0,ANTONIN PERRIN     (Rue),0.0,,2.0,2,2.0,1.0,(1),(1),1.0,, -1,1.0,0.0,1.0,50.0,784 230,B01,2.0,1.0,1.0,2.0,1.0,0.0,5.0,,,784 230,B01,,,,,,,,,,,,,,,,,,,,,,,,,,,,1 060 132,1.0,1.0,4.0,1.0,1993.0,1.0,8.0,-1.0,-1.0,-1.0, -1,-1.0
202200016751,2.0,2.0,2022.0,17:00,1.0,69,69266,2.0,1.0,1.0,6.0,Rue Antonin Perrin,45.76043,4.88488,4.0,ANTONIN PERRIN     (Rue),0.0,,2.0,2,2.0,1.0,(1),(1),1.0,, -1,1.0,0.0,1.0,50.0,784 230,B01,2.0,1.0,1.0,2.0,1.0,0.0,5.0,,,784 230,B01,,,,,,,,,,,,,,,,,,,,,,,,,,,,1 060 134,10.0,3.0,1.0,2.0,1996.0,0.0,0.0,-1.0,-1.0,5.0,B,1.0
202200016937,28.0,5.0,2022.0,17:10,1.0,69,69272,2.0,9.0,1.0,3.0,45 Rue du Mazet,45.610221,4.839242,4.0,,-1.0,,2.0,2,0.0,1.0,(1),(1),1.0,,3,1.0,0.0,1.0,-1.0,783 897,A01,3.0,1.0,0.0,2.0,1.0,19.0,5.0,,,783 897,A01,,,,,,,,,,,,,,,,,,,,,,,,,,,,1 059 679,1.0,1.0,4.0,1.0,2012.0,5.0,0.0,-1.0,-1.0,0.0,0,-1.0
202200016937,28.0,5.0,2022.0,17:10,1.0,69,69272,2.0,9.0,1.0,3.0,45 Rue du Mazet,45.610221,4.839242,4.0,,-1.0,,2.0,2,0.0,1.0,(1),(1),1.0,,3,1.0,0.0,1.0,-1.0,783 897,A01,3.0,1.0,0.0,2.0,1.0,19.0,5.0,,,783 898,B01,,,,,,,,,,,,,,,,,,,,,,,,,,,,1 059 680,1.0,1.0,1.0,2.0,1949.0,5.0,1.0,-1.0,-1.0,0.0,0,-1.0
202200016941,27.0,5.0,2022.0,13:50,1.0,69,69094,2.0,6.0,7.0,3.0,Le Tupinier,45.74667,4.70345,3.0,489,-1.0,D,2.0,2,1.0,1.0,(1),(1),1.0,, -1,1.0,0.0,1.0,50.0,783 887,B01,3.0,1.0,0.0,2.0,3.0,15.0,5.0,,,783 886,A01,,,,,,,,,,,,,,,,,,,,,,,,,,,,1 059 667,1.0,1.0,1.0,1.0,1952.0,3.0,1.0,-1.0,-1.0,0.0,0,-1.0