Num_Acc,jour,mois,an,hrmn,lum,dep,com,agg,int,atm,col,adr,lat,long,catr,voie,v1,v2,circ,nbv,vosp,prof,pr,pr1,plan,lartpc,larrout,surf,infra,situ,vma,id_vehicule_x,num_veh_x,senc,catv,obs,obsm,choc,manv,motor,occutc,id_usager_x,id_vehicule_y,num_veh_y,place_x,catu_x,grav_x,sexe_x,an_nais_x,trajet_x,secu1_x,secu2_x,secu3_x,locp_x,actp_x,etatp_x,id_usager_y,id_vehicule,num_veh,place_y,catu_y,grav_y,sexe_y,an_nais_y,trajet_y,secu1_y,secu2_y,secu3_y,locp_y,actp_y,etatp_y,id_usager,place,catu,grav,sexe,an_nais,trajet,secu1,secu2,secu3,locp,actp,etatp
202200016941,27.0,5.0,2022.0,13:50,1.0,69,69094,2.0,6.0,7.0,3.0,Le Tupinier,45.74667,4.70345,3.0,489,-1.0,D,2.0,2,1.0,1.0,(1),(1),1.0,, -1,1.0,0.0,1.0,50.0,783 887,B01,3.0,1.0,0.0,2.0,3.0,15.0,5.0,,,783 887,B01,,,,,,,,,,,,,,,,,,,,,,,,,,,,1 059 668,1.0,1.0,4.0,2.0,1976.0,1.0,2.0,-1.0,-1.0,0.0,0,-1.0
202200016982,18.0,12.0,2022.0,07:13,4.0,69,69389,2.0,1.0,1.0,1.0,Rue de Saint-Cyr,45.78831,4.80822,4.0,ST CYR (DE)                         (R ),0.0,,2.0,2,2.0,2.0,(1),(1),2.0,, -1,1.0,0.0,5.0,50.0,783 824,B01,3.0,1.0,0.0,2.0,1.0,1.0,5.0,,,783 821,A01,,,,,,,,,,,,,,,,,,,,,,,,,,,,1 059 577,1.0,1.0,1.0,-1.0,,-1.0,8.0,-1.0,-1.0,0.0,0,-1.0
202200016982,18.0,12.0,2022.0,07:13,4.0,69,69389,2.0,1.0,1.0,1.0,Rue de Saint-Cyr,45.78831,4.80822,4.0,ST CYR (DE)                         (R ),0.0,,2.0,2,2.0,2.0,(1),(1),2.0,, -1,1.0,0.0,5.0,50.0,783 824,B01,3.0,1.0,0.0,2.0,1.0,1.0,5.0,,,783 824,B01,,,,,,,,,,,,,,,,,,,,,,,,,,,,1 059 580,1.0,1.0,4.0,1.0,1969.0,5.0,2.0,4.0,-1.0,0.0,0,-1.0
202200017012,28.0,5.0,2022.0,00:24,5.0,69,69387,2.0,3.0,1.0,3.0,Avenue Tony Garnier,45.72673,4.83179,4.0,TONY GARNIER                        (AV),0.0,,2.0,6,2.0,1.0,(1),(1),1.0,, -1,1.0,6.0,5.0,50.0,783 769,A01,2.0,1.0,0.0,2.0,4.0,19.0,5.0,,,783 768,B01,,,,,,,,,,,,,,,,,,,,,,,,,,,,1 059 507,1.0,1.0,1.0,1.0,2003.0,5.0,1.0,-1.0,-1.0,-1.0, -1,-1.0
202200017012,28.0,5.0,2022.0,00:24,5.0,69,69387,2.0,3.0,1.0,3.0,Avenue Tony Garnier,45.72673,4.83179,4.0,TONY GARNIER                        (AV),0.0,,2.0,6,2.0,1.0,(1),(1),1.0,, -1,1.0,6.0,5.0,50.0,783 769,A01,2.0,1.0,0.0,2.0,4.0,19.0,5.0,,,783 769,A01,,,,,,,,,,,,,,,,,,,,,,,,,,,,1 059 508,1.0,1.0,4.0,2.0,1996.0,5.0,8.0,-1.0,-1.0,-1.0, -1,-1.0
202200017128,10.0,3.0,2022.0,22:44,5.0,69,69292,2.0,1.0,1.0,1.0,Boulevard des Oiseaux,45.815057,4.866707,7.0,144,-1.0,,2.0,2,1.0,1.0,0,400,2.0,, -1,1.0,0.0,1.0,50.0,783 548,B01,1.0,1.0,0.0,2.0,8.0,19.0,5.0,,,783 546,A01,,,,,,,,,,,,,,,,,,,,,,,,,,,,1 059 210,1.0,1.0,1.0,1.0,1992.0,5.0,1.0,-1.0,-1.0,0.0,0,-1.0
202200017128,10.0,3.0,2022.0,22:44,5.0,69,69292,2.0,1.0,1.0,1.0,Boulevard des Oiseaux,45.815057,4.866707,7.0,144,-1.0,,2.0,2,1.0,1.0,0,400,2.0,, -1,1.0,0.0,1.0,50.0,783 548,B01,1.0,1.0,0.0,2.0,8.0,19.0,5.0,,,783 548,B01,,,,,,,,,,,,,,,,,,,,,,,,,,,,1 059 214,1.0,1.0,3.0,1.0,2001.0,1.0,0.0,-1.0,-1.0,0.0,0,-1.0
202200017188,2.0,2.0,2022.0,12:40,1.0,69,69386,2.0,1.0,1.0,3.0,Rue Vauban,45.7656268727,4.851526022,4.0,VAUBAN                              (R ),0.0,,1.0,2,2.0,1.0,(1),(1),1.0,, -1,1.0,0.0,1.0,30.0,783 442,A01,1.0,1.0,0.0,2.0,1.0,1.0,5.0,,,783 442,A01,,,,,,,,,,,,,,,,,,,,,,,,,,,,1 059 079,1.0,1.0,4.0,1.0,1976.0,0.0,2.0,-1.0,-1.0,-1.0, -1,-1.0
202200017188,2.0,2.0,2022.0,12:40,1.0,69,69386,2.0,1.0,1.0,3.0,Rue Vauban,45.7656268727,4.851526022,4.0,VAUBAN                              (R ),0.0,,1.0,2,2.0,1.0,(1),(1),1.0,, -1,1.0,0.0,1.0,30.0,783 442,A01,1.0,1.0,0.0,2.0,1.0,1.0,5.0,,,783 444,B01,,,,,,,,,,,,,,,,,,,,,,,,,,,,1 059 082,1.0,1.0,1.0,1.0,1996.0,1.0,1.0,-1.0,-1.0,-1.0, -1,-1.0
202200018265,14.0,11.0,2022.0,12:40,1.0,69,69388,2.0,1.0,1.0,2.0,3 Rue du Transvaal,45.7380638543,4.8780611157,4.0,TRANSVAAL (DU)                      (R ),0.0,,1.0,1,0.0,1.0,(1),(1),1.0,, -1,1.0,0.0,1.0,50.0,781 497,B01,1.0,1.0,0.0,2.0,4.0,1.0,5.0,,,781 497,B01,,,,,,,,,,,,,,,,,,,,,,,,,,,,1 056 493,1.0,1.0,4.0,1.0,1984.0,0.0,2.0,-1.0,-1.0,-1.0, -1,-1.0
202200018265,14.0,11.0,2022.0,12:40,1.0,69,69388,2.0,1.0,1.0,2.0,3 Rue du Transvaal,45.7380638543,4.8780611157,4.0,TRANSVAAL (DU)                      (R ),0.0,,1.0,1,0.0,1.0,(1),(1),1.0,, -1,1.0,0.0,1.0,50.0,781 497,B01,1.0,1.0,0.0,2.0,4.0,1.0,5.0,,,781 498,A01,,,,,,,,,,,,,,,,,,,,,,,,,,,,1 056 494,1.0,1.0,1.0,1.0,1982.0,0.0,1.0,-1.0,-1.0,-1.0, -1,-1.0
202200018303,10.0,11.0,2022.0,12:50,1.0,69,69266,2.0,3.0,1.0,3.0,Rue Jean Jaurès,45.75761,4.88257,4.0,JEAN JAURES      (Rue),0.0,,2.0,2,2.0,1.0,(1),(1),1.0,, -1,1.0,0.0,1.0,30.0,781 418,Y01,1.0,1.0,0.0,2.0,0.0,0.0,0.0,,,781 418,Y01,,,,,,,,,,,,,,,,,,,,,,,,,,,,1 056 393,1.0,1.0,4.0,1.0,2004.0,5.0,2.0,-1.0,-1.0,0.0,0,-1.0
202200018303,10.0,11.0,2022.0,12:50,1.0,69,69266,2.0,3.0,1.0,3.0,Rue Jean Jaurès,45.75761,4.88257,4.0,JEAN JAURES      (Rue),0.0,,2.0,2,2.0,1.0,(1),(1),1.0,, -1,1.0,0.0,1.0,30.0,781 418,Y01,1.0,1.0,0.0,2.0,0.0,0.0,0.0,,,781 420,A01,,,,,,,,,,,,,,,,,,,,,,,,,,,,1 056 395,1.0,1.0,1.0,-1.0,,-1.0,8.0,-1.0,-1.0,0.0,0,-1.0
202200018601,27.0,7.0,2022.0,17:40,1.0,69,69266,2.0,3.0,1.0,1.0,Rue Léon Blum,45.76313,4.91398,4.0,LEON BLUM      (Rue),0.0,,2.0,3,3.0,1.0,(1),(1),1.0,, -1,1.0,0.0,1.0,50.0,780 883,B01,2.0,1.0,0.0,2.0,1.0,5.0,5.0,,,780 879,A01,,,,,,,,,,,,,,,,,,,,,,,,,,,,1 055 691,1.0,1.0,4.0,1.0,2004.0,1.0,1.0,-1.0,-1.0,0.0,0,-1.0
202200018601,27.0,7.0,2022.0,17:40,1.0,69,69266,2.0,3.0,1.0,1.0,Rue Léon Blum,45.76313,4.91398,4.0,LEON BLUM      (Rue),0.0,,2.0,3,3.0,1.0,(1),(1),1.0,, -1,1.0,0.0,1.0,50.0,780 883,B01,2.0,1.0,0.0,2.0,1.0,5.0,5.0,,,780 883,B01,,,,,,,,,,,,,,,,,,,,,,,,,,,,1 055 695,1.0,1.0,4.0,1.0,1977.0,0.0,8.0,-1.0,-1.0,0.0,0,-1.0
202200018605,27.0,7.0,2022.0,17:55,1.0,69,69266,2.0,3.0,1.0,2.0,Rue Antoine Primat,45.75828,4.89735,4.0,ANTOINE PRIMAT     (Rue),0.0,,2.0,2,0.0,1.0,(1),(1),1.0,, -1,1.0,0.0,1.0,30.0,780 871,B01,3.0,1.0,1.0,2.0,1.0,2.0,0.0,,,780 871,B01,,,,,,,,,,,,,,,,,,,,,,,,,,,,1 055 683,1.0,1.0,4.0,1.0,1988.0,0.0,2.0,-1.0,-1.0,0.0,0,-1.0
202200018605,27.0,7.0,2022.0,17:55,1.0,69,69266,2.0,3.0,1.0,2.0,Rue Antoine Primat,45.75828,4.89735,4.0,ANTOINE PRIMAT     (Rue),0.0,,2.0,2,0.0,1.0,(1),(1),1.0,, -1,1.0,0.0,1.0,30.0,780 871,B01,3.0,1.0,1.0,2.0,1.0,2.0,0.0,,,780 873,A01,,,,,,,,,,,,,,,,,,,,,,,,,,,,1 055 685,1.0,1.0,1.0,1.0,1978.0,0.0,1.0,-1.0,-1.0,0.0,0,-1.0
202200018685,1.0,2.0,2022.0,06:30,5.0,69,69386,2.0,1.0,1.0,2.0,6 Quai de Serbie,45.7711145851,4.8410640657,4.0,SERBIE (DE)                         (QU),0.0,,1.0,3,0.0,3.0,(1),(1),2.0,, -1,1.0,0.0,1.0,50.0,780 731,B01,3.0,1.0,0.0,2.0,4.0,26.0,5.0,,,780 729,A01,,,,,,,,,,,,,,,,,,,,,,,,,,,,1 055 505,1.0,1.0,1.0,1.0,1987.0,4.0,1.0,-1.0,-1.0,-1.0, -1,-1.0
202200018685,1.0,2.0,2022.0,06:30,5.0,69,69386,2.0,1.0,1.0,2.0,6 Quai de Serbie,45.7711145851,4.8410640657,4.0,SERBIE (DE)                         (QU),0.0,,1.0,3,0.0,3.0,(1),(1),2.0,, -1,1.0,0.0,1.0,50.0,780 731,B01,3.0,1.0,0.0,2.0,4.0,26.0,5.0,,,780 731,B01,,,,,,,,,,,,,,,,,,,,,,,,,,,,1 055 507,1.0,1.0,3.0,1.0,1992.0,0.0,8.0,-1.0,-1.0,-1.0, -1,-1.0
202200019074,11.0,3.0,2022.0,08:30,1.0,69,69382,2.0,3.0,1.0,3.0,Quai Maréchal Joffre,45.75265,4.8246,4.0,MARECHAL JOFFRE (DU)                (QU),0.0,,1.0,2,3.0,1.0,(1),(1),1.0,, -1,1.0,0.0,1.0,50.0,780 028,B01,1.0,1.0,0.0,2.0,6.0,15.0,5.0,,,780 028,B01,,,,,,,,,,,,,,,,,,,,,,,,,,,,1 054 549,1.0,1.0,3.0,2.0,1979.0,1.0,2.0,-1.0,-1.0,-1.0, -1,-1.0
202200019074,11.0,3.0,2022.0,08:30,1.0,69,69382,2.0,3.0,1.0,3.0,Quai Maréchal Joffre,45.75265,4.8246,4.0,MARECHAL JOFFRE (DU)                (QU),0.0,,1.0,2,3.0,1.0,(1),(1),1.0,, -1,1.0,0.0,1.0,50.0,780 028,B01,1.0,1.0,0.0,2.0,6.0,15.0,5.0,,,780 031,A01,,,,,,,,,,,,,,,,,,,,,,,,,,,,1 054 553,1.0,1.0,2.0,1.0,1959.0,1.0,2.0,6.0,-1.0,-1.0, -1,-1.0
202200020089,7.0,10.0,2022.0,19:15,2.0,69,69259,2.0,1.0,1.0,1.0,Rue Banette et Planchon,45.7045022214,4.8862838746,4.0,BANETTE ET PLANCHON                 (R ),0.0,,2.0,2,2.0,1.0,(1),(1),4.0,, -1,1.0,0.0,1.0,30.0,778 247,B01,3.0,1.0,0.0,2.0,1.0,1.0,5.0,,,778 246,A01,,,,,,,,,,,,,,,,,,,,,,,,,,,,1 052 176,1.0,1.0,1.0,1.0,1985.0,9.0,1.0,-1.0,-1.0,-1.0, -1,-1.0
202200020089,7.0,10.0,2022.0,19:15,2.0,69,69259,2.0,1.0,1.0,1.0,Rue Banette et Planchon,45.7045022214,4.8862838746,4.0,BANETTE ET PLANCHON                 (R ),0.0,,2.0,2,2.0,1.0,(1),(1),4.0,, -1,1.0,0.0,1.0,30.0,778 247,B01,3.0,1.0,0.0,2.0,1.0,1.0,5.0,,,778 247,B01,,,,,,,,,,,,,,,,,,,,,,,,,,,,1 052 177,1.0,1.0,4.0,1.0,2013.0,5.0,2.0,-1.0,-1.0,0.0,0,-1.0
202200020775,25.0,5.0,2022.0,18:40,1.0,69,69387,2.0,2.0,1.0,3.0,Rue de l'Université,45.75073,4.83949,4.0,UNIVERSITE (DE L')                  (R ),0.0,,1.0,3,3.0,1.0,(1),(1),1.0,, -1,1.0,0.0,1.0,50.0,777 037,B01,1.0,1.0,0.0,2.0,7.0,5.0,5.0,,,777 035,A01,,,,,,,,,,,,,,,,,,,,,,,,,,,,1 050 568,1.0,1.0,1.0,1.0,1993.0,0.0,2.0,-1.0,-1.0,-1.0, -1,-1.0
202200020775,25.0,5.0,2022.0,18:40,1.0,69,69387,2.0,2.0,1.0,3.0,Rue de l'Université,45.75073,4.83949,4.0,UNIVERSITE (DE L')                  (R ),0.0,,1.0,3,3.0,1.0,(1),(1),1.0,, -1,1.0,0.0,1.0,50.0,777 037,B01,1.0,1.0,0.0,2.0,7.0,5.0,5.0,,,777 037,B01,,,,,,,,,,,,,,,,,,,,,,,,,,,,1 050 569,1.0,1.0,4.0,1.0,2000.0,0.0,8.0,-1.0,-1.0,-1.0, -1,-1.0
202200020777,24.0,5.0,2022.0,23:30,5.0,69,69383,2.0,1.0,1.0,7.0,Quai Victor Augagneur,45.75818,4.84077,4.0,VICTOR AUGAGNEUR                    (QU),0.0,,2.0,3,1.0,1.0,(1),(1),1.0,, -1,1.0,0.0,5.0,30.0,777 032,A01,3.0,1.0,0.0,0.0,0.0,1.0,5.0,,,777 032,A01,,,,,,,,,,,,,,,,,,,,,,,,,,,,1 050 563,1.0,1.0,3.0,1.0,1996.0,5.0,8.0,-1.0,-1.0,-1.0, -1,-1.0
202200020799,24.0,5.0,2022.0,08:30,1.0,69,69389,2.0,1.0,1.0,7.0,17 Avenue de Champagne,45.7897176986,4.7967191041,4.0,CHAMPAGNE (DE)                      (AV),0.0,,2.0,2,1.0,2.0,(1),(1),1.0,, -1,1.0,0.0,1.0,50.0,776 995,A01,2.0,1.0,0.0,2.0,0.0,1.0,5.0,,,776 995,A01,,,,,,,,,,,,,,,,,,,,,,,,,,,,1 050 519,1.0,1.0,4.0,1.0,1974.0,1.0,8.0,-1.0,-1.0,-1.0, -1,-1.0
202200020841,25.0,5.0,2022.0,20:52,2.0,69,69266,2.0,1.0,1.0,2.0,Rue Florian,45.75891,4.88071,4.0,FLORIAN      (Rue),0.0,,2.0,2,0.0,2.0,(1),(1),1.0,, -1,1.0,0.0,1.0,50.0,776 911,B01,2.0,1.0,1.0,2.0,1.0,1.0,5.0,,,776 910,A01,,,,,,,,,,,,,,,,,,,,,,,,,,,,1 050 419,1.0,1.0,1.0,2.0,1959.0,0.0,1.0,-1.0,-1.0,0.0,0,-1.0
202200020841,25.0,5.0,2022.0,20:52,2.0,69,69266,2.0,1.0,1.0,2.0,Rue Florian,45.75891,4.88071,4.0,FLORIAN      (Rue),0.0,,2.0,2,0.0,2.0,(1),(1),1.0,, -1,1.0,0.0,1.0,50.0,776 911,B01,2.0,1.0,1.0,2.0,1.0,1.0,5.0,,,776 911,B01,,,,,,,,,,,,,,,,,,,,,,,,,,,,1 050 420,1.0,1.0,4.0,1.0,1996.0,4.0,8.0,-1.0,-1.0,0.0,0,-1.0
202200021003,20.0,12.0,2022.0,14:20,1.0,69,69255,1.0,2.0,8.0,3.0,Route de Malval,45.747798173,4.6116873622,3.0,50,0.0,D,2.0,2,0.0,3.0,23,0,1.0,, -1,2.0,0.0,1.0,50.0,776 626,B01,2.0,1.0,0.0,2.0,1.0,1.0,5.0,,,776 626,B01,,,,,,,,,,,,,,,,,,,,,,,,,,,,1 050 003,1.0,1.0,4.0,1.0,1983.0,5.0,2.0,6.0,-1.0,0.0,0,-1.0
202200021003,20.0,12.0,2022.0,14:20,1.0,69,69255,1.0,2.0,8.0,3.0,Route de Malval,45.747798173,4.6116873622,3.0,50,0.0,D,2.0,2,0.0,3.0,23,0,1.0,, -1,2.0,0.0,1.0,50.0,776 626,B01,2.0,1.0,0.0,2.0,1.0,1.0,5.0,,,776 627,A01,,,,,,,,,,,,,,,,,,,,,,,,,,,,1 050 004,1.0,1.0,1.0,1.0,1974.0,5.0,1.0,-1.0,-1.0,0.0,0,-1.0
202200021009,10.0,3.0,2022.0,19:00,5.0,69,69388,2.0,1.0,1.0,3.0,Rue Marius Berliet,45.74099,4.86267,4.0,MARIUS BERLIET                      (R ),0.0,,2.0,2,3.0,1.0,(1),(1),2.0,, -1,1.0,0.0,1.0,50.0,776 618,B01,3.0,1.0,0.0,2.0,0.0,0.0,0.0,,,776 618,B01,,,,,,,,,,,,,,,,,,,,,,,,,,,,1 049 993,1.0,1.0,3.0,2.0,1987.0,0.0,2.0,-1.0,-1.0,-1.0, -1,-1.0
202200021009,10.0,3.0,2022.0,19:00,5.0,69,69388,2.0,1.0,1.0,3.0,Rue Marius Berliet,45.74099,4.86267,4.0,MARIUS BERLIET                      (R ),0.0,,2.0,2,3.0,1.0,(1),(1),2.0,, -1,1.0,0.0,1.0,50.0,776 618,B01,3.0,1.0,0.0,2.0,0.0,0.0,0.0,,,776 619,A01,,,,,,,,,,,,,,,,,,,,,,,,,,,,1 049 994,1.0,1.0,1.0,2.0,1998.0,0.0,1.0,-1.0,-1.0,-1.0, -1,-1.0
202200021078,10.0,3.0,2022.0,07:50,1.0,69,69264,2.0,6.0,1.0,3.0,Rue Jules Guesde,45.9939,4.73462,4.0,GUESDE  JULES  R,0.0,,2.0,2,0.0,1.0,(1),(1),3.0,, -1,1.0,0.0,1.0,50.0,776 487,B01,3.0,1.0,0.0,2.0,5.0,16.0,0.0,,,776 487,B01,,,,,,,,,,,,,,,,,,,,,,,,,,,,1 049 820,1.0,1.0,4.0,1.0,1966.0,1.0,2.0,-1.0,-1.0,-1.0, -1,-1.0
202200021078,10.0,3.0,2022.0,07:50,1.0,69,69264,2.0,6.0,1.0,3.0,Rue Jules Guesde,45.9939,4.73462,4.0,GUESDE  JULES  R,0.0,,2.0,2,0.0,1.0,(1),(1),3.0,, -1,1.0,0.0,1.0,50.0,776 487,B01,3.0,1.0,0.0,2.0,5.0,16.0,0.0,,,776 489,A01,,,,,,,,,,,,,,,,,,,,,,,,,,,,1 049 824,1.0,1.0,1.0,2.0,1974.0,1.0,8.0,-1.0,-1.0,-1.0, -1,-1.0
202200021374,9.0,3.0,2022.0,20:40,5.0,69,69387,2.0,1.0,1.0,3.0,Quai Claude Bernard,45.75358,4.83834,4.0,CLAUDE BERNARD                      (QU),0.0,,1.0,3,0.0,1.0,(1),(1),1.0,, -1,1.0,0.0,1.0,50.0,775 975,B01,1.0,1.0,0.0,2.0,0.0,11.0,0.0,,,775 974,A01,,,,,,,,,,,,,,,,,,,,,,,,,,,,1 049 161,1.0,1.0,1.0,1.0,1992.0,0.0,8.0,-1.0,-1.0,0.0,0,-1.0
202200021374,9.0,3.0,2022.0,20:40,5.0,69,69387,2.0,1.0,1.0,3.0,Quai Claude Bernard,45.75358,4.83834,4.0,CLAUDE BERNARD                      (QU),0.0,,1.0,3,0.0,1.0,(1),(1),1.0,, -1,1.0,0.0,1.0,50.0,775 975,B01,1.0,1.0,0.0,2.0,0.0,11.0,0.0,,,775 975,B01,,,,,,,,,,,,,,,,,,,,,,,,,,,,1 049 162,1.0,1.0,4.0,2.0,1979.0,9.0,8.0,-1.0,-1.0,0.0,0,-1.0
202200022011,6.0,10.0,2022.0,09:00,1.0,69,69382,2.0,1.0,1.0,3.0,Quai Docteur Gailleton,45.7529,4.8334,4.0,DOCTEUR GAILLETON (DU)              (QU),0.0,,2.0,6,3.0,1.0,(1),(1),1.0,, -1,1.0,0.0,1.0,50.0,774 831,B01,1.0,1.0,0.0,2.0,7.0,1.0,0.0,,,774 830,A01,,,,,,,,,,,,,,,,,,,,,,,,,,,,1 047 602,1.0,1.0,1.0,2.0,1999.0,0.0,1.0,-1.0,-1.0,0.0,0,-1.0
202200022011,6.0,10.0,2022.0,09:00,1.0,69,69382,2.0,1.0,1.0,3.0,Quai Docteur Gailleton,45.7529,4.8334,4.0,DOCTEUR GAILLETON (DU)              (QU),0.0,,2.0,6,3.0,1.0,(1),(1),1.0,, -1,1.0,0.0,1.0,50.0,774 831,B01,1.0,1.0,0.0,2.0,7.0,1.0,0.0,,,774 830,A01,,,,,,,,,,,,,,,,,,,,,,,,,,,,1 047 603,2.0,2.0,1.0,1.0,1996.0,0.0,1.0,-1.0,-1.0,0.0,0,-1.0
202200022011,6.0,10.0,2022.0,09:00,1.0,69,69382,2.0,1.0,1.0,3.0,Quai Docteur Gailleton,45.7529,4.8334,4.0,DOCTEUR GAILLETON (DU)              (QU),0.0,,2.0,6,3.0,1.0,(1),(1),1.0,, -1,1.0,0.0,1.0,50.0,774 831,B01,1.0,1.0,0.0,2.0,7.0,1.0,0.0,,,774 831,B01,,,,,,,,,,,,,,,,,,,,,,,,,,,,1 047 604,1.0,1.0,4.0,1.0,1967.0,0.0,8.0,-1.0,-1.0,0.0,0,-1.0
202200022272,29.0,1.0,2022.0,20:15,5.0,69,69034,2.0,1.0,1.0,2.0,70 Montée des Soldats,45.79741,4.85291,7.0,SOLDATS (DES)                       (MO),0.0,,1.0,3,3.0,2.0,1,0,3.0,, -1,1.0,0.0,5.0,50.0,774 357,B01,1.0,1.0,0.0,2.0,4.0,9.0,5.0,,,774 357,B01,,,,,,,,,,,,,,,,,,,,,,,,,,,,1 046 947,1.0,1.0,4.0,1.0,1997.0,5.0,8.0,-1.0,-1.0,-1.0, -1,-1.0
202200022272,29.0,1.0,2022.0,20:15,5.0,69,69034,2.0,1.0,1.0,2.0,70 Montée des Soldats,45.79741,4.85291,7.0,SOLDATS (DES)                       (MO),0.0,,1.0,3,3.0,2.0,1,0,3.0,, -1,1.0,0.0,5.0,50.0,774 357,B01,1.0,1.0,0.0,2.0,4.0,9.0,5.0,,,774 359,A01,,,,,,,,,,,,,,,,,,,,,,,,,,,,1 046 949,1.0,1.0,1.0,1.0,2000.0,5.0,8.0,-1.0,-1.0,-1.0, -1,-1.0
202200022272,29.0,1.0,2022.0,20:15,5.0,69,69034,2.0,1.0,1.0,2.0,70 Montée des Soldats,45.79741,4.85291,7.0,SOLDATS (DES)                       (MO),0.0,,1.0,3,3.0,2.0,1,0,3.0,, -1,1.0,0.0,5.0,50.0,774 357,B01,1.0,1.0,0.0,2.0,4.0,9.0,5.0,,,774 359,A01,,,,,,,,,,,,,,,,,,,,,,,,,,,,1 046 950,2.0,2.0,1.0,1.0,2001.0,5.0,1.0,-1.0,-1.0,-1.0, -1,-1.0
202200022688,24.0,7.0,2022.0,10:45,1.0,69,69386,2.0,1.0,1.0,3.0,Place Jules Ferry,45.7679416089,4.8589505239,4.0,JULES FERRY                         (PL),0.0,,1.0,1,0.0,1.0,(1),(1),1.0,, -1,1.0,0.0,1.0,50.0,773 599,B01,2.0,1.0,0.0,2.0,8.0,1.0,5.0,,,773 597,A01,,,,,,,,,,,,,,,,,,,,,,,,,,,,1 045 870,1.0,1.0,1.0,2.0,1964.0,0.0,1.0,-1.0,-1.0,-1.0, -1,-1.0
202200022688,24.0,7.0,2022.0,10:45,1.0,69,69386,2.0,1.0,1.0,3.0,Place Jules Ferry,45.7679416089,4.8589505239,4.0,JULES FERRY                         (PL),0.0,,1.0,1,0.0,1.0,(1),(1),1.0,, -1,1.0,0.0,1.0,50.0,773 599,B01,2.0,1.0,0.0,2.0,8.0,1.0,5.0,,,773 599,B01,,,,,,,,,,,,,,,,,,,,,,,,,,,,1 045 872,1.0,1.0,4.0,2.0,2002.0,0.0,8.0,-1.0,-1.0,-1.0, -1,-1.0
202200022871,15.0,12.0,2022.0,08:50,1.0,69,69034,2.0,1.0,1.0,3.0,375 Boulevard des Canuts,45.78538,4.83297,4.0,CANUTS (DES)                        (BD),0.0,,2.0,2,0.0,1.0,(1),(1),3.0,, -1,2.0,0.0,5.0,30.0,773 274,A01,1.0,1.0,12.0,2.0,0.0,0.0,0.0,,,773 274,A01,,,,,,,,,,,,,,,,,,,,,,,,,,,,1 045 445,1.0,1.0,4.0,2.0,1959.0,0.0,8.0,-1.0,-1.0,0.0,0,-1.0
202200022871,15.0,12.0,2022.0,08:50,1.0,69,69034,2.0,1.0,1.0,3.0,375 Boulevard des Canuts,45.78538,4.83297,4.0,CANUTS (DES)                        (BD),0.0,,2.0,2,0.0,1.0,(1),(1),3.0,, -1,2.0,0.0,5.0,30.0,773 274,A01,1.0,1.0,12.0,2.0,0.0,0.0,0.0,,,773 275,B01,,,,,,,,,,,,,,,,,,,,,,,,,,,,1 045 446,1.0,1.0,1.0,1.0,1996.0,4.0,8.0,-1.0,-1.0,0.0,0,-1.0
202200023195,8.0,3.0,2022.0,08:45,2.0,69,69388,2.0,1.0,1.0,3.0,Rue Henri Barbusse,45.7302477573,4.8556162589,4.0,HENRI BARBUSSE                      (R ),0.0,,2.0,2,3.0,1.0,(1),(1),4.0,, -1,1.0,6.0,6.0,50.0,772 718,A01,1.0,1.0,0.0,4.0,3.0,19.0,5.0,,,772 718,A01,,,,,,,,,,,,,,,,,,,,,,,,,,,,1 044 675,1.0,1.0,4.0,1.0,1996.0,9.0,8.0,-1.0,-1.0,-1.0, -1,-1.0
202200023195,8.0,3.0,2022.0,08:45,2.0,69,69388,2.0,1.0,1.0,3.0,Rue Henri Barbusse,45.7302477573,4.8556162589,4.0,HENRI BARBUSSE                      (R ),0.0,,2.0,2,3.0,1.0,(1),(1),4.0,, -1,1.0,6.0,6.0,50.0,772 718,A01,1.0,1.0,0.0,4.0,3.0,19.0,5.0,,,772 719,B01,,,,,,,,,,,,,,,,,,,,,,,,,,,,1 044 678,1.0,1.0,1.0,1.0,1989.0,4.0,8.0,-1.0,-1.0,-1.0, -1,-1.0
202200023243,8.0,3.0,2022.0,08:50,1.0,69,69029,2.0,1.0,1.0,6.0,Avenue François Mitterrand,45.73828,4.92402,9.0,FRANCOIS MITTERRAND                 (AV),0.0,,1.0,2,2.0,1.0,(1),(1),1.0,, -1,1.0,0.0,5.0,50.0,772 637,A01,2.0,1.0,0.0,1.0,1.0,1.0,6.0,,,772 637,A01,,,,,,,,,,,,,,,,,,,,,,,,,,,,1 044 567,1.0,1.0,1.0,1.0,1970.0,1.0,2.0,-1.0,-1.0,-1.0, -1,-1.0
202200023243,8.0,3.0,2022.0,08:50,1.0,69,69029,2.0,1.0,1.0,6.0,Avenue François Mitterrand,45.73828,4.92402,9.0,FRANCOIS MITTERRAND                 (AV),0.0,,1.0,2,2.0,1.0,(1),(1),1.0,, -1,1.0,0.0,5.0,50.0,772 637,A01,2.0,1.0,0.0,1.0,1.0,1.0,6.0,,,772 637,A01,,,,,,,,,,,,,,,,,,,,,,,,,,,,1 044 568,10.0,3.0,4.0,2.0,1948.0,0.0,0.0,-1.0,-1.0,5.0,3,1.0