Num_Acc,jour,mois,an,hrmn,lum,dep,com,agg,int,atm,col,adr,lat,long,catr,voie,v1,v2,circ,nbv,vosp,prof,pr,pr1,plan,lartpc,larrout,surf,infra,situ,vma,id_vehicule_x,num_veh_x,senc,catv,obs,obsm,choc,manv,motor,occutc,id_usager_x,id_vehicule_y,num_veh_y,place_x,catu_x,grav_x,sexe_x,an_nais_x,trajet_x,secu1_x,secu2_x,secu3_x,locp_x,actp_x,etatp_x,id_usager_y,id_vehicule,num_veh,place_y,catu_y,grav_y,sexe_y,an_nais_y,trajet_y,secu1_y,secu2_y,secu3_y,locp_y,actp_y,etatp_y,id_usager,place,catu,grav,sexe,an_nais,trajet,secu1,secu2,secu3,locp,actp,etatp
202200023324,2.0,9.0,2022.0,08:50,1.0,69,69388,2.0,3.0,1.0,3.0,Avenue Jean Mermoz,45.73239,4.88259,4.0,JEAN MERMOZ                         (AV),0.0,,2.0,4,2.0,1.0,(1),(1),1.0,, -1,1.0,0.0,1.0,50.0,772 498,B01,2.0,1.0,0.0,2.0,1.0,2.0,5.0,,,772 497,A01,,,,,,,,,,,,,,,,,,,,,,,,,,,,1 044 355,1.0,1.0,-1.0,-1.0,,-1.0,8.0,-1.0,-1.0,-1.0, -1,-1.0
202200023324,2.0,9.0,2022.0,08:50,1.0,69,69388,2.0,3.0,1.0,3.0,Avenue Jean Mermoz,45.73239,4.88259,4.0,JEAN MERMOZ                         (AV),0.0,,2.0,4,2.0,1.0,(1),(1),1.0,, -1,1.0,0.0,1.0,50.0,772 498,B01,2.0,1.0,0.0,2.0,1.0,2.0,5.0,,,772 498,B01,,,,,,,,,,,,,,,,,,,,,,,,,,,,1 044 356,1.0,1.0,4.0,2.0,1995.0,0.0,2.0,-1.0,-1.0,0.0,0,-1.0
202200023431,16.0,4.0,2022.0,16:35,1.0,69,69383,2.0,1.0,1.0,3.0,Boulevard Marius Vivier-Merle,45.75843,4.85819,4.0,MARIUS VIVIER MERLE                 (BD),0.0,,1.0,2,3.0,1.0,(1),(1),1.0,, -1,1.0,0.0,1.0,50.0,772 308,B01,0.0,1.0,0.0,2.0,3.0,2.0,0.0,,,772 308,B01,,,,,,,,,,,,,,,,,,,,,,,,,,,,1 044 107,1.0,1.0,4.0,2.0,1995.0,0.0,8.0,-1.0,-1.0,0.0,0,-1.0
202200023431,16.0,4.0,2022.0,16:35,1.0,69,69383,2.0,1.0,1.0,3.0,Boulevard Marius Vivier-Merle,45.75843,4.85819,4.0,MARIUS VIVIER MERLE                 (BD),0.0,,1.0,2,3.0,1.0,(1),(1),1.0,, -1,1.0,0.0,1.0,50.0,772 308,B01,0.0,1.0,0.0,2.0,3.0,2.0,0.0,,,772 309,A01,,,,,,,,,,,,,,,,,,,,,,,,,,,,1 044 108,1.0,1.0,1.0,1.0,1999.0,0.0,2.0,-1.0,-1.0,0.0,0,-1.0
202200024041,11.0,11.0,2022.0,11:40,1.0,69,69386,2.0,9.0,1.0,6.0,Rue Vauban,45.7652475067,4.8476368189,4.0,VAUBAN                              (R ),0.0,,1.0,1,2.0,1.0,(1),(1),1.0,, -1,1.0,0.0,1.0,50.0,771 224,A01,3.0,1.0,1.0,0.0,1.0,2.0,0.0,,,771 224,A01,,,,,,,,,,,,,,,,,,,,,,,,,,,,1 042 670,1.0,1.0,4.0,1.0,1989.0,9.0,2.0,-1.0,-1.0,0.0,0,-1.0
202200024050,5.0,10.0,2022.0,17:50,1.0,69,69383,2.0,2.0,1.0,3.0,Rue Paul Bert,45.75702,4.85276,4.0,GARIBALDI                           (R ),0.0,,1.0,3,3.0,1.0,(1),(1),1.0,, -1,1.0,0.0,1.0,30.0,771 203,B01,3.0,1.0,0.0,2.0,0.0,0.0,5.0,,,771 203,B01,,,,,,,,,,,,,,,,,,,,,,,,,,,,1 042 646,1.0,1.0,4.0,1.0,1979.0,1.0,8.0,-1.0,-1.0,-1.0, -1,-1.0
202200024050,5.0,10.0,2022.0,17:50,1.0,69,69383,2.0,2.0,1.0,3.0,Rue Paul Bert,45.75702,4.85276,4.0,GARIBALDI                           (R ),0.0,,1.0,3,3.0,1.0,(1),(1),1.0,, -1,1.0,0.0,1.0,30.0,771 203,B01,3.0,1.0,0.0,2.0,0.0,0.0,5.0,,,771 205,A01,,,,,,,,,,,,,,,,,,,,,,,,,,,,1 042 648,1.0,1.0,1.0,1.0,1996.0,1.0,1.0,-1.0,-1.0,-1.0, -1,-1.0
202200024064,5.0,10.0,2022.0,17:45,1.0,69,69149,2.0,2.0,1.0,3.0,Grande Rue,45.71005,4.79973,7.0,GRANDE RUE                          (GR),0.0,,2.0,2,2.0,2.0,3,100,1.0,, -1,1.0,0.0,1.0,50.0,771 176,A01,2.0,1.0,0.0,2.0,1.0,26.0,5.0,,,771 176,A01,,,,,,,,,,,,,,,,,,,,,,,,,,,,1 042 616,1.0,1.0,4.0,1.0,1965.0,5.0,2.0,6.0,-1.0,-1.0, -1,-1.0
202200024064,5.0,10.0,2022.0,17:45,1.0,69,69149,2.0,2.0,1.0,3.0,Grande Rue,45.71005,4.79973,7.0,GRANDE RUE                          (GR),0.0,,2.0,2,2.0,2.0,3,100,1.0,, -1,1.0,0.0,1.0,50.0,771 176,A01,2.0,1.0,0.0,2.0,1.0,26.0,5.0,,,771 179,B01,,,,,,,,,,,,,,,,,,,,,,,,,,,,1 042 619,1.0,1.0,1.0,2.0,1984.0,1.0,1.0,-1.0,-1.0,-1.0, -1,-1.0
202200024284,27.0,1.0,2022.0,22:00,5.0,69,69386,2.0,1.0,1.0,7.0,226 Cours Lafayette,45.7637108377,4.8610156775,4.0,LAFAYETTE                           (CO),0.0,,1.0,1,1.0,1.0,(1),(1),1.0,, -1,1.0,9.0,8.0,50.0,770 800,A01,3.0,1.0,15.0,0.0,1.0,12.0,5.0,,,770 800,A01,,,,,,,,,,,,,,,,,,,,,,,,,,,,1 042 114,1.0,1.0,4.0,1.0,1963.0,0.0,8.0,-1.0,-1.0,-1.0, -1,-1.0
202200024643,21.0,5.0,2022.0,18:15,1.0,69,69219,1.0,1.0,1.0,3.0,Chemin de la Noyeraie,45.6356966642,4.685838384,4.0,,0.0,,2.0,2,0.0,2.0,(1),(1),3.0,,5,1.0,0.0,1.0,80.0,770 173,B01,3.0,1.0,0.0,2.0,1.0,1.0,5.0,,,770 173,B01,,,,,,,,,,,,,,,,,,,,,,,,,,,,1 041 244,1.0,1.0,3.0,1.0,2007.0,5.0,2.0,-1.0,-1.0,0.0,0,-1.0
202200024643,21.0,5.0,2022.0,18:15,1.0,69,69219,1.0,1.0,1.0,3.0,Chemin de la Noyeraie,45.6356966642,4.685838384,4.0,,0.0,,2.0,2,0.0,2.0,(1),(1),3.0,,5,1.0,0.0,1.0,80.0,770 173,B01,3.0,1.0,0.0,2.0,1.0,1.0,5.0,,,770 174,A01,,,,,,,,,,,,,,,,,,,,,,,,,,,,1 041 245,1.0,1.0,1.0,1.0,1995.0,9.0,1.0,-1.0,-1.0,0.0,0,-1.0
202200024681,15.0,12.0,2022.0,12:20,1.0,69,69266,2.0,6.0,2.0,3.0,Rue Francis de Pressensé,45.77189,4.87001,4.0,FRANCIS DE PRESSENSE    (Rue),0.0,,2.0,2,0.0,1.0,(1),(1),3.0,, -1,2.0,5.0,1.0,50.0,770 106,B01,2.0,1.0,0.0,2.0,7.0,15.0,6.0,,,770 106,B01,,,,,,,,,,,,,,,,,,,,,,,,,,,,1 041 151,1.0,1.0,3.0,1.0,2005.0,2.0,8.0,-1.0,-1.0,0.0,0,-1.0
202200024681,15.0,12.0,2022.0,12:20,1.0,69,69266,2.0,6.0,2.0,3.0,Rue Francis de Pressensé,45.77189,4.87001,4.0,FRANCIS DE PRESSENSE    (Rue),0.0,,2.0,2,0.0,1.0,(1),(1),3.0,, -1,2.0,5.0,1.0,50.0,770 106,B01,2.0,1.0,0.0,2.0,7.0,15.0,6.0,,,770 109,A01,,,,,,,,,,,,,,,,,,,,,,,,,,,,1 041 154,1.0,1.0,1.0,1.0,1973.0,1.0,1.0,-1.0,-1.0,0.0,0,-1.0
202200024878,22.0,7.0,2022.0,18:15,1.0,69,69386,2.0,2.0,1.0,3.0,Rue de Créqui,45.77278,4.84531,4.0,CREQUI (DE)                         (R ),0.0,,1.0,1,0.0,1.0,(1),(1),1.0,, -1,1.0,9.0,1.0,50.0,769 768,Y01,3.0,1.0,0.0,2.0,0.0,0.0,5.0,,,769 766,A01,,,,,,,,,,,,,,,,,,,,,,,,,,,,1 040 698,1.0,1.0,1.0,2.0,1996.0,0.0,1.0,-1.0,-1.0,-1.0, -1,-1.0
202200024878,22.0,7.0,2022.0,18:15,1.0,69,69386,2.0,2.0,1.0,3.0,Rue de Créqui,45.77278,4.84531,4.0,CREQUI (DE)                         (R ),0.0,,1.0,1,0.0,1.0,(1),(1),1.0,, -1,1.0,9.0,1.0,50.0,769 768,Y01,3.0,1.0,0.0,2.0,0.0,0.0,5.0,,,769 768,Y01,,,,,,,,,,,,,,,,,,,,,,,,,,,,1 040 701,1.0,1.0,4.0,1.0,1967.0,0.0,8.0,-1.0,-1.0,-1.0, -1,-1.0
202200025218,1.0,9.0,2022.0,17:55,1.0,69,69388,2.0,1.0,1.0,6.0,Place Ambroise Courtois,45.74441,4.87057,4.0,AMBROISE COURTOIS                   (PL),0.0,,2.0,1,2.0,1.0,(1),(1),1.0,, -1,1.0,0.0,1.0,30.0,769 137,B01,1.0,1.0,1.0,2.0,1.0,1.0,5.0,,,769 136,A01,,,,,,,,,,,,,,,,,,,,,,,,,,,,1 039 865,1.0,1.0,1.0,1.0,1989.0,0.0,8.0,-1.0,-1.0,-1.0, -1,-1.0
202200025218,1.0,9.0,2022.0,17:55,1.0,69,69388,2.0,1.0,1.0,6.0,Place Ambroise Courtois,45.74441,4.87057,4.0,AMBROISE COURTOIS                   (PL),0.0,,2.0,1,2.0,1.0,(1),(1),1.0,, -1,1.0,0.0,1.0,30.0,769 137,B01,1.0,1.0,1.0,2.0,1.0,1.0,5.0,,,769 137,B01,,,,,,,,,,,,,,,,,,,,,,,,,,,,1 039 866,1.0,1.0,4.0,2.0,1992.0,5.0,2.0,-1.0,-1.0,-1.0, -1,-1.0
202200025218,1.0,9.0,2022.0,17:55,1.0,69,69388,2.0,1.0,1.0,6.0,Place Ambroise Courtois,45.74441,4.87057,4.0,AMBROISE COURTOIS                   (PL),0.0,,2.0,1,2.0,1.0,(1),(1),1.0,, -1,1.0,0.0,1.0,30.0,769 137,B01,1.0,1.0,1.0,2.0,1.0,1.0,5.0,,,769 137,B01,,,,,,,,,,,,,,,,,,,,,,,,,,,,1 039 867,2.0,2.0,4.0,1.0,2021.0,5.0,2.0,-1.0,-1.0,-1.0, -1,-1.0
202200025484,15.0,4.0,2022.0,18:00,1.0,69,69259,2.0,2.0,1.0,3.0,Rue Anatole France,45.72199,4.89114,4.0,ANATOLE FRANCE                      (R ),0.0,,2.0,2,0.0,1.0,(1),(1),1.0,, -1,1.0,0.0,1.0,50.0,768 658,B01,2.0,1.0,0.0,2.0,1.0,2.0,5.0,,,768 658,B01,,,,,,,,,,,,,,,,,,,,,,,,,,,,1 039 236,1.0,1.0,4.0,2.0,1997.0,0.0,8.0,-1.0,-1.0,-1.0, -1,-1.0
202200025484,15.0,4.0,2022.0,18:00,1.0,69,69259,2.0,2.0,1.0,3.0,Rue Anatole France,45.72199,4.89114,4.0,ANATOLE FRANCE                      (R ),0.0,,2.0,2,0.0,1.0,(1),(1),1.0,, -1,1.0,0.0,1.0,50.0,768 658,B01,2.0,1.0,0.0,2.0,1.0,2.0,5.0,,,768 660,A01,,,,,,,,,,,,,,,,,,,,,,,,,,,,1 039 238,1.0,1.0,1.0,1.0,1976.0,0.0,1.0,-1.0,-1.0,-1.0, -1,-1.0
202200025516,21.0,6.0,2022.0,05:55,2.0,69,69259,2.0,1.0,1.0,1.0,Avenue Charles de Gaulle,45.71514,4.89567,7.0,CHARLES DE GAULLE                   (AV),0.0,,2.0,6,1.0,1.0,1,0,1.0,, -1,1.0,-1.0,5.0,50.0,768 597,A01,3.0,1.0,0.0,2.0,1.0,0.0,0.0,,,768 595,B01,,,,,,,,,,,,,,,,,,,,,,,,,,,,1 039 160,1.0,1.0,4.0,1.0,1960.0,1.0,2.0,-1.0,-1.0,0.0,0,-1.0
202200025516,21.0,6.0,2022.0,05:55,2.0,69,69259,2.0,1.0,1.0,1.0,Avenue Charles de Gaulle,45.71514,4.89567,7.0,CHARLES DE GAULLE                   (AV),0.0,,2.0,6,1.0,1.0,1,0,1.0,, -1,1.0,-1.0,5.0,50.0,768 597,A01,3.0,1.0,0.0,2.0,1.0,0.0,0.0,,,768 597,A01,,,,,,,,,,,,,,,,,,,,,,,,,,,,1 039 162,1.0,1.0,1.0,-1.0,,-1.0,8.0,-1.0,-1.0,0.0,0,-1.0
202200025520,21.0,6.0,2022.0,12:11,1.0,69,69264,2.0,3.0,1.0,3.0,Route de Frans,45.98392,4.73994,4.0,FRANS ROUTE DE,0.0,,2.0,2,0.0,1.0,(1),(1),1.0,, -1,1.0,0.0,1.0,50.0,768 590,A01,1.0,1.0,0.0,2.0,1.0,9.0,5.0,,,768 588,B01,,,,,,,,,,,,,,,,,,,,,,,,,,,,1 039 152,1.0,1.0,1.0,2.0,1986.0,1.0,1.0,-1.0,-1.0,-1.0, -1,-1.0
202200025520,21.0,6.0,2022.0,12:11,1.0,69,69264,2.0,3.0,1.0,3.0,Route de Frans,45.98392,4.73994,4.0,FRANS ROUTE DE,0.0,,2.0,2,0.0,1.0,(1),(1),1.0,, -1,1.0,0.0,1.0,50.0,768 590,A01,1.0,1.0,0.0,2.0,1.0,9.0,5.0,,,768 590,A01,,,,,,,,,,,,,,,,,,,,,,,,,,,,1 039 154,1.0,1.0,4.0,1.0,2002.0,5.0,8.0,-1.0,-1.0,-1.0, -1,-1.0
202200026022,9.0,11.0,2022.0,18:15,4.0,69,69387,2.0,4.0,2.0,1.0,Rue André Bollier,45.73527,4.839,4.0,ANDRE BOLLIER                       (R ),0.0,,2.0,2,0.0,1.0,(1),(1),1.0,, -1,2.0,0.0,1.0,50.0,767 711,B01,2.0,1.0,0.0,2.0,8.0,9.0,5.0,,,767 710,A01,,,,,,,,,,,,,,,,,,,,,,,,,,,,1 038 002,1.0,1.0,1.0,1.0,1997.0,1.0,1.0,-1.0,-1.0,-1.0, -1,-1.0
202200026022,9.0,11.0,2022.0,18:15,4.0,69,69387,2.0,4.0,2.0,1.0,Rue André Bollier,45.73527,4.839,4.0,ANDRE BOLLIER                       (R ),0.0,,2.0,2,0.0,1.0,(1),(1),1.0,, -1,2.0,0.0,1.0,50.0,767 711,B01,2.0,1.0,0.0,2.0,8.0,9.0,5.0,,,767 711,B01,,,,,,,,,,,,,,,,,,,,,,,,,,,,1 038 004,1.0,1.0,4.0,1.0,1996.0,1.0,8.0,-1.0,-1.0,0.0,0,-1.0
202200026024,9.0,11.0,2022.0,07:05,2.0,69,69384,2.0,1.0,2.0,3.0,39 Rue Denfert-Rochereau,45.7766110529,4.8261858523,4.0,DENFERT ROCHEREAU                   (R ),0.0,,1.0,1,2.0,1.0,(1),(1),1.0,, -1,2.0,0.0,1.0,5.0,767 705,B01,2.0,1.0,0.0,2.0,7.0,1.0,5.0,,,767 705,B01,,,,,,,,,,,,,,,,,,,,,,,,,,,,1 037 997,1.0,1.0,3.0,2.0,1982.0,1.0,8.0,-1.0,-1.0,-1.0, -1,-1.0
202200026024,9.0,11.0,2022.0,07:05,2.0,69,69384,2.0,1.0,2.0,3.0,39 Rue Denfert-Rochereau,45.7766110529,4.8261858523,4.0,DENFERT ROCHEREAU                   (R ),0.0,,1.0,1,2.0,1.0,(1),(1),1.0,, -1,2.0,0.0,1.0,5.0,767 705,B01,2.0,1.0,0.0,2.0,7.0,1.0,5.0,,,767 707,A01,,,,,,,,,,,,,,,,,,,,,,,,,,,,1 037 999,1.0,1.0,1.0,1.0,1970.0,4.0,1.0,-1.0,-1.0,-1.0, -1,-1.0
202200026031,6.0,10.0,2022.0,18:15,1.0,69,69153,1.0,1.0,1.0,5.0,Route des Gambins,45.8506805387,4.7952076793,7.0,73,0.0,D,2.0,2,3.0,2.0,12,500,1.0,, -1,1.0,9.0,1.0,30.0,767 690,C01,1.0,1.0,0.0,2.0,1.0,13.0,5.0,,,767 690,C01,,,,,,,,,,,,,,,,,,,,,,,,,,,,1 037 982,1.0,1.0,2.0,1.0,1972.0,5.0,2.0,9.0,-1.0,0.0,0,-1.0
202200026031,6.0,10.0,2022.0,18:15,1.0,69,69153,1.0,1.0,1.0,5.0,Route des Gambins,45.8506805387,4.7952076793,7.0,73,0.0,D,2.0,2,3.0,2.0,12,500,1.0,, -1,1.0,9.0,1.0,30.0,767 690,C01,1.0,1.0,0.0,2.0,1.0,13.0,5.0,,,767 691,B01,,,,,,,,,,,,,,,,,,,,,,,,,,,,1 037 983,1.0,1.0,1.0,1.0,1998.0,1.0,1.0,-1.0,-1.0,0.0,0,-1.0
202200026031,6.0,10.0,2022.0,18:15,1.0,69,69153,1.0,1.0,1.0,5.0,Route des Gambins,45.8506805387,4.7952076793,7.0,73,0.0,D,2.0,2,3.0,2.0,12,500,1.0,, -1,1.0,9.0,1.0,30.0,767 690,C01,1.0,1.0,0.0,2.0,1.0,13.0,5.0,,,767 693,A01,,,,,,,,,,,,,,,,,,,,,,,,,,,,1 037 985,1.0,1.0,1.0,1.0,1996.0,1.0,1.0,-1.0,-1.0,0.0,0,-1.0
202200027009,4.0,3.0,2022.0,17:15,1.0,69,69259,2.0,1.0,2.0,1.0,Rue Ernest Renan,45.7257,4.86094,4.0,ERNEST RENAN                        (R ),0.0,,2.0,2,0.0,1.0,(1),(1),1.0,, -1,2.0,0.0,1.0,50.0,765 871,B01,3.0,1.0,0.0,2.0,8.0,19.0,5.0,,,765 871,B01,,,,,,,,,,,,,,,,,,,,,,,,,,,,1 035 528,1.0,1.0,4.0,1.0,2010.0,9.0,8.0,-1.0,-1.0,-1.0, -1,-1.0
202200027009,4.0,3.0,2022.0,17:15,1.0,69,69259,2.0,1.0,2.0,1.0,Rue Ernest Renan,45.7257,4.86094,4.0,ERNEST RENAN                        (R ),0.0,,2.0,2,0.0,1.0,(1),(1),1.0,, -1,2.0,0.0,1.0,50.0,765 871,B01,3.0,1.0,0.0,2.0,8.0,19.0,5.0,,,765 872,A01,,,,,,,,,,,,,,,,,,,,,,,,,,,,1 035 529,3.0,2.0,1.0,1.0,1997.0,0.0,1.0,-1.0,-1.0,-1.0, -1,-1.0
202200027009,4.0,3.0,2022.0,17:15,1.0,69,69259,2.0,1.0,2.0,1.0,Rue Ernest Renan,45.7257,4.86094,4.0,ERNEST RENAN                        (R ),0.0,,2.0,2,0.0,1.0,(1),(1),1.0,, -1,2.0,0.0,1.0,50.0,765 871,B01,3.0,1.0,0.0,2.0,8.0,19.0,5.0,,,765 872,A01,,,,,,,,,,,,,,,,,,,,,,,,,,,,1 035 530,1.0,1.0,1.0,1.0,1978.0,0.0,1.0,-1.0,-1.0,-1.0, -1,-1.0
202200027012,4.0,3.0,2022.0,16:05,1.0,69,69385,2.0,1.0,1.0,3.0,4 Avenue Debrousse,45.7508058257,4.8150479794,4.0,DEBROUSSE                           (AV),0.0,,2.0,2,3.0,2.0,(1),(1),2.0,, -1,1.0,0.0,1.0,30.0,765 868,B01,2.0,1.0,0.0,2.0,1.0,1.0,5.0,,,765 867,A01,,,,,,,,,,,,,,,,,,,,,,,,,,,,1 035 519,4.0,2.0,1.0,1.0,2001.0,0.0,8.0,-1.0,-1.0,-1.0, -1,-1.0
202200027012,4.0,3.0,2022.0,16:05,1.0,69,69385,2.0,1.0,1.0,3.0,4 Avenue Debrousse,45.7508058257,4.8150479794,4.0,DEBROUSSE                           (AV),0.0,,2.0,2,3.0,2.0,(1),(1),2.0,, -1,1.0,0.0,1.0,30.0,765 868,B01,2.0,1.0,0.0,2.0,1.0,1.0,5.0,,,765 867,A01,,,,,,,,,,,,,,,,,,,,,,,,,,,,1 035 520,3.0,2.0,1.0,1.0,2002.0,0.0,8.0,-1.0,-1.0,-1.0, -1,-1.0
202200027012,4.0,3.0,2022.0,16:05,1.0,69,69385,2.0,1.0,1.0,3.0,4 Avenue Debrousse,45.7508058257,4.8150479794,4.0,DEBROUSSE                           (AV),0.0,,2.0,2,3.0,2.0,(1),(1),2.0,, -1,1.0,0.0,1.0,30.0,765 868,B01,2.0,1.0,0.0,2.0,1.0,1.0,5.0,,,765 867,A01,,,,,,,,,,,,,,,,,,,,,,,,,,,,1 035 521,5.0,2.0,1.0,1.0,2003.0,0.0,8.0,-1.0,-1.0,-1.0, -1,-1.0
202200027012,4.0,3.0,2022.0,16:05,1.0,69,69385,2.0,1.0,1.0,3.0,4 Avenue Debrousse,45.7508058257,4.8150479794,4.0,DEBROUSSE                           (AV),0.0,,2.0,2,3.0,2.0,(1),(1),2.0,, -1,1.0,0.0,1.0,30.0,765 868,B01,2.0,1.0,0.0,2.0,1.0,1.0,5.0,,,765 867,A01,,,,,,,,,,,,,,,,,,,,,,,,,,,,1 035 522,1.0,1.0,1.0,1.0,2002.0,9.0,1.0,-1.0,-1.0,-1.0, -1,-1.0
202200027012,4.0,3.0,2022.0,16:05,1.0,69,69385,2.0,1.0,1.0,3.0,4 Avenue Debrousse,45.7508058257,4.8150479794,4.0,DEBROUSSE                           (AV),0.0,,2.0,2,3.0,2.0,(1),(1),2.0,, -1,1.0,0.0,1.0,30.0,765 868,B01,2.0,1.0,0.0,2.0,1.0,1.0,5.0,,,765 868,B01,,,,,,,,,,,,,,,,,,,,,,,,,,,,1 035 523,1.0,1.0,4.0,1.0,1999.0,9.0,8.0,-1.0,-1.0,-1.0, -1,-1.0
202200027307,14.0,4.0,2022.0,13:35,1.0,69,69034,2.0,1.0,1.0,7.0,1 Montée du Vernay,45.81318,4.84967,4.0,VERNAY (DU)                         (MO),0.0,,1.0,1,0.0,2.0,(1),(1),1.0,, -1,1.0,0.0,1.0,50.0,765 328,A01,1.0,1.0,0.0,0.0,0.0,26.0,6.0,,,765 328,A01,,,,,,,,,,,,,,,,,,,,,,,,,,,,1 034 829,1.0,1.0,4.0,1.0,1987.0,0.0,2.0,-1.0,-1.0,0.0,0,-1.0
202200027456,20.0,6.0,2022.0,13:25,1.0,69,69388,2.0,2.0,1.0,3.0,Avenue Jean Mermoz,45.73385,4.87756,4.0,JEAN MERMOZ                         (AV),0.0,,2.0,2,3.0,1.0,(1),(1),1.0,, -1,1.0,0.0,1.0,50.0,765 050,B01,0.0,1.0,0.0,2.0,1.0,1.0,5.0,,,765 048,A01,,,,,,,,,,,,,,,,,,,,,,,,,,,,1 034 477,1.0,1.0,1.0,2.0,1994.0,0.0,1.0,-1.0,-1.0,0.0,0,-1.0
202200027456,20.0,6.0,2022.0,13:25,1.0,69,69388,2.0,2.0,1.0,3.0,Avenue Jean Mermoz,45.73385,4.87756,4.0,JEAN MERMOZ                         (AV),0.0,,2.0,2,3.0,1.0,(1),(1),1.0,, -1,1.0,0.0,1.0,50.0,765 050,B01,0.0,1.0,0.0,2.0,1.0,1.0,5.0,,,765 050,B01,,,,,,,,,,,,,,,,,,,,,,,,,,,,1 034 479,1.0,1.0,4.0,2.0,2010.0,0.0,2.0,-1.0,-1.0,0.0,0,-1.0
202200027457,20.0,6.0,2022.0,08:00,1.0,69,69383,2.0,2.0,1.0,3.0,Rue Paul Bert,45.75709,4.85469,4.0,PAUL BERT                           (R ),0.0,,2.0,2,2.0,1.0,(1),(1),1.0,, -1,1.0,0.0,1.0,30.0,765 046,B01,2.0,1.0,0.0,2.0,1.0,1.0,5.0,,,765 045,A01,,,,,,,,,,,,,,,,,,,,,,,,,,,,1 034 474,1.0,1.0,1.0,2.0,1968.0,1.0,1.0,-1.0,-1.0,-1.0, -1,-1.0
202200027457,20.0,6.0,2022.0,08:00,1.0,69,69383,2.0,2.0,1.0,3.0,Rue Paul Bert,45.75709,4.85469,4.0,PAUL BERT                           (R ),0.0,,2.0,2,2.0,1.0,(1),(1),1.0,, -1,1.0,0.0,1.0,30.0,765 046,B01,2.0,1.0,0.0,2.0,1.0,1.0,5.0,,,765 046,B01,,,,,,,,,,,,,,,,,,,,,,,,,,,,1 034 475,1.0,1.0,4.0,2.0,1987.0,0.0,8.0,-1.0,-1.0,-1.0, -1,-1.0
202200027496,10.0,6.0,2022.0,21:00,1.0,69,69264,2.0,6.0,1.0,3.0,Rue de la Quarantaine,45.98881,4.72699,4.0,QUARANTAINE  RUE DE LA,0.0,,2.0,2,0.0,1.0,(1),(1),2.0,, -1,1.0,9.0,1.0,30.0,764 972,B01,1.0,1.0,0.0,2.0,0.0,0.0,0.0,,,764 972,B01,,,,,,,,,,,,,,,,,,,,,,,,,,,,1 034 387,1.0,1.0,4.0,1.0,2014.0,5.0,8.0,-1.0,-1.0,0.0,0,-1.0
202200027496,10.0,6.0,2022.0,21:00,1.0,69,69264,2.0,6.0,1.0,3.0,Rue de la Quarantaine,45.98881,4.72699,4.0,QUARANTAINE  RUE DE LA,0.0,,2.0,2,0.0,1.0,(1),(1),2.0,, -1,1.0,9.0,1.0,30.0,764 972,B01,1.0,1.0,0.0,2.0,0.0,0.0,0.0,,,764 974,A01,,,,,,,,,,,,,,,,,,,,,,,,,,,,1 034 389,1.0,1.0,1.0,1.0,1984.0,5.0,1.0,-1.0,-1.0,0.0,0,-1.0
202200027664,19.0,1.0,2022.0,08:50,1.0,69,69388,2.0,1.0,5.0,1.0,Rue Antoine Lumière,45.74084,4.86797,4.0,ANTOINE LUMIERE                     (R ),0.0,,1.0,1,2.0,1.0,(1),(1),1.0,, -1,1.0,0.0,5.0,50.0,764 675,B01,2.0,1.0,0.0,2.0,1.0,1.0,5.0,,,764 675,B01,,,,,,,,,,,,,,,,,,,,,,,,,,,,1 033 989,1.0,1.0,4.0,1.0,1971.0,1.0,2.0,-1.0,-1.0,-1.0, -1,-1.0
202200027664,19.0,1.0,2022.0,08:50,1.0,69,69388,2.0,1.0,5.0,1.0,Rue Antoine Lumière,45.74084,4.86797,4.0,ANTOINE LUMIERE                     (R ),0.0,,1.0,1,2.0,1.0,(1),(1),1.0,, -1,1.0,0.0,5.0,50.0,764 675,B01,2.0,1.0,0.0,2.0,1.0,1.0,5.0,,,764 676,A01,,,,,,,,,,,,,,,,,,,,,,,,,,,,1 033 990,1.0,1.0,1.0,-1.0,,-1.0,8.0,-1.0,-1.0,-1.0, -1,-1.0
202200027664,19.0,1.0,2022.0,08:50,1.0,69,69388,2.0,1.0,5.0,1.0,Rue Antoine Lumière,45.74084,4.86797,4.0,ANTOINE LUMIERE                     (R ),0.0,,1.0,1,2.0,1.0,(1),(1),1.0,, -1,1.0,0.0,5.0,50.0,764 676,A01,1.0,1.0,0.0,2.0,1.0,5.0,0.0,,,764 675,B01,,,,,,,,,,,,,,,,,,,,,,,,,,,,1 033 989,1.0,1.0,4.0,1.0,1971.0,1.0,2.0,-1.0,-1.0,-1.0, -1,-1.0
202200027664,19.0,1.0,2022.0,08:50,1.0,69,69388,2.0,1.0,5.0,1.0,Rue Antoine Lumière,45.74084,4.86797,4.0,ANTOINE LUMIERE                     (R ),0.0,,1.0,1,2.0,1.0,(1),(1),1.0,, -1,1.0,0.0,5.0,50.0,764 676,A01,1.0,1.0,0.0,2.0,1.0,5.0,0.0,,,764 676,A01,,,,,,,,,,,,,,,,,,,,,,,,,,,,1 033 990,1.0,1.0,1.0,-1.0,,-1.0,8.0,-1.0,-1.0,-1.0, -1,-1.0