Num_Acc,jour,mois,an,hrmn,lum,dep,com,agg,int,atm,col,adr,lat,long,catr,voie,v1,v2,circ,nbv,vosp,prof,pr,pr1,plan,lartpc,larrout,surf,infra,situ,vma,id_vehicule_x,num_veh_x,senc,catv,obs,obsm,choc,manv,motor,occutc,id_usager_x,id_vehicule_y,num_veh_y,place_x,catu_x,grav_x,sexe_x,an_nais_x,trajet_x,secu1_x,secu2_x,secu3_x,locp_x,actp_x,etatp_x,id_usager_y,id_vehicule,num_veh,place_y,catu_y,grav_y,sexe_y,an_nais_y,trajet_y,secu1_y,secu2_y,secu3_y,locp_y,actp_y,etatp_y,id_usager,place,catu,grav,sexe,an_nais,trajet,secu1,secu2,secu3,locp,actp,etatp
202200044672,1.0,4.0,2022.0,12:10,1.0,69,69266,2.0,3.0,8.0,3.0,Rue de Venise,45.76673,4.89786,4.0,VENISE   (Rue de),0.0,,1.0,1,2.0,1.0,(1),(1),1.0,, -1,2.0,0.0,1.0,50.0,734 424,B01,1.0,1.0,0.0,2.0,4.0,16.0,5.0,,,734 424,B01,,,,,,,,,,,,,,,,,,,,,,,,,,,,993 352,1.0,1.0,4.0,1.0,2010.0,2.0,2.0,4.0,-1.0,-1.0, -1,-1.0
202200045083,27.0,10.0,2022.0,20:35,5.0,69,69382,2.0,3.0,1.0,1.0,12 Quai Jules Courmont,45.76018,4.83772,4.0,JULES COURMONT                      (QU),0.0,,2.0,6,3.0,1.0,(1),(1),1.0,, -1,1.0,0.0,1.0,50.0,733 706,B01,3.0,1.0,0.0,2.0,1.0,0.0,0.0,,,733 706,B01,,,,,,,,,,,,,,,,,,,,,,,,,,,,992 348,1.0,1.0,4.0,1.0,1988.0,9.0,8.0,-1.0,-1.0,0.0,0,-1.0
202200045083,27.0,10.0,2022.0,20:35,5.0,69,69382,2.0,3.0,1.0,1.0,12 Quai Jules Courmont,45.76018,4.83772,4.0,JULES COURMONT                      (QU),0.0,,2.0,6,3.0,1.0,(1),(1),1.0,, -1,1.0,0.0,1.0,50.0,733 706,B01,3.0,1.0,0.0,2.0,1.0,0.0,0.0,,,733 709,A01,,,,,,,,,,,,,,,,,,,,,,,,,,,,992 351,1.0,1.0,1.0,1.0,1962.0,9.0,1.0,-1.0,-1.0,0.0,0,-1.0
202200045086,27.0,10.0,2022.0,16:05,1.0,69,69202,2.0,1.0,1.0,6.0,15 Rue Deshay,45.73585,4.79976,4.0,DESHAY                              (R ),0.0,,1.0,1,2.0,2.0,(1),(1),1.0,, -1,1.0,0.0,1.0,30.0,733 701,A01,2.0,1.0,0.0,1.0,1.0,1.0,5.0,,,733 701,A01,,,,,,,,,,,,,,,,,,,,,,,,,,,,992 340,10.0,3.0,4.0,2.0,2016.0,5.0,0.0,-1.0,-1.0,3.0,3,2.0
202200045086,27.0,10.0,2022.0,16:05,1.0,69,69202,2.0,1.0,1.0,6.0,15 Rue Deshay,45.73585,4.79976,4.0,DESHAY                              (R ),0.0,,1.0,1,2.0,2.0,(1),(1),1.0,, -1,1.0,0.0,1.0,30.0,733 701,A01,2.0,1.0,0.0,1.0,1.0,1.0,5.0,,,733 701,A01,,,,,,,,,,,,,,,,,,,,,,,,,,,,992 341,10.0,3.0,1.0,1.0,1981.0,5.0,0.0,-1.0,-1.0,3.0,3,2.0
202200045086,27.0,10.0,2022.0,16:05,1.0,69,69202,2.0,1.0,1.0,6.0,15 Rue Deshay,45.73585,4.79976,4.0,DESHAY                              (R ),0.0,,1.0,1,2.0,2.0,(1),(1),1.0,, -1,1.0,0.0,1.0,30.0,733 701,A01,2.0,1.0,0.0,1.0,1.0,1.0,5.0,,,733 701,A01,,,,,,,,,,,,,,,,,,,,,,,,,,,,992 343,1.0,1.0,4.0,1.0,2006.0,5.0,2.0,-1.0,-1.0,-1.0, -1,-1.0
202200045168,27.0,10.0,2022.0,08:20,1.0,69,69290,2.0,6.0,1.0,3.0,Avenue du Progrès,45.71688,4.9581,7.0,PROGRES (DU)                        (R ),0.0,,1.0,2,2.0,1.0,(1),(1),2.0,, -1,1.0,0.0,1.0,50.0,733 566,B01,2.0,1.0,0.0,2.0,7.0,16.0,5.0,,,733 562,A01,,,,,,,,,,,,,,,,,,,,,,,,,,,,992 151,1.0,1.0,1.0,2.0,1996.0,1.0,1.0,-1.0,-1.0,0.0,0,-1.0
202200045168,27.0,10.0,2022.0,08:20,1.0,69,69290,2.0,6.0,1.0,3.0,Avenue du Progrès,45.71688,4.9581,7.0,PROGRES (DU)                        (R ),0.0,,1.0,2,2.0,1.0,(1),(1),2.0,, -1,1.0,0.0,1.0,50.0,733 566,B01,2.0,1.0,0.0,2.0,7.0,16.0,5.0,,,733 566,B01,,,,,,,,,,,,,,,,,,,,,,,,,,,,992 157,1.0,1.0,4.0,1.0,1945.0,5.0,8.0,-1.0,-1.0,0.0,0,-1.0
202200045266,31.0,3.0,2022.0,18:10,1.0,69,69383,2.0,2.0,1.0,3.0,Rue Julien,45.75217,4.88673,4.0,JULIEN                              (R ),0.0,,1.0,1,2.0,1.0,(1),(1),1.0,, -1,1.0,0.0,1.0,30.0,733 391,B01,2.0,1.0,0.0,2.0,1.0,1.0,5.0,,,733 391,B01,,,,,,,,,,,,,,,,,,,,,,,,,,,,991 947,1.0,1.0,3.0,2.0,1958.0,0.0,8.0,-1.0,-1.0,-1.0, -1,-1.0
202200045266,31.0,3.0,2022.0,18:10,1.0,69,69383,2.0,2.0,1.0,3.0,Rue Julien,45.75217,4.88673,4.0,JULIEN                              (R ),0.0,,1.0,1,2.0,1.0,(1),(1),1.0,, -1,1.0,0.0,1.0,30.0,733 391,B01,2.0,1.0,0.0,2.0,1.0,1.0,5.0,,,733 392,A01,,,,,,,,,,,,,,,,,,,,,,,,,,,,991 948,1.0,1.0,1.0,2.0,1992.0,1.0,1.0,-1.0,-1.0,-1.0, -1,-1.0
202200045268,31.0,3.0,2022.0,09:40,1.0,69,69386,2.0,2.0,1.0,3.0,Rue Cuvier,45.76707,4.84765,4.0,CUVIER                              (R ),0.0,,1.0,1,2.0,1.0,(1),(1),1.0,, -1,1.0,0.0,1.0,30.0,733 387,B01,2.0,1.0,0.0,2.0,1.0,1.0,5.0,,,733 385,A01,,,,,,,,,,,,,,,,,,,,,,,,,,,,991 937,1.0,1.0,1.0,1.0,1993.0,4.0,1.0,-1.0,-1.0,-1.0, -1,-1.0
202200045268,31.0,3.0,2022.0,09:40,1.0,69,69386,2.0,2.0,1.0,3.0,Rue Cuvier,45.76707,4.84765,4.0,CUVIER                              (R ),0.0,,1.0,1,2.0,1.0,(1),(1),1.0,, -1,1.0,0.0,1.0,30.0,733 387,B01,2.0,1.0,0.0,2.0,1.0,1.0,5.0,,,733 387,B01,,,,,,,,,,,,,,,,,,,,,,,,,,,,991 940,1.0,1.0,4.0,1.0,1972.0,0.0,8.0,-1.0,-1.0,-1.0, -1,-1.0
202200045716,23.0,9.0,2022.0,16:45,1.0,69,69266,2.0,1.0,1.0,3.0,Place Jules Grandclément,45.759,4.88893,4.0,JULES GRANDCLEMENT    (Place),0.0,,2.0,2,0.0,1.0,(1),(1),1.0,, -1,1.0,0.0,1.0,50.0,732 568,B01,3.0,1.0,0.0,2.0,8.0,9.0,6.0,,,732 567,A01,,,,,,,,,,,,,,,,,,,,,,,,,,,,990 900,1.0,1.0,1.0,1.0,2002.0,9.0,1.0,-1.0,-1.0,0.0,0,-1.0
202200045716,23.0,9.0,2022.0,16:45,1.0,69,69266,2.0,1.0,1.0,3.0,Place Jules Grandclément,45.759,4.88893,4.0,JULES GRANDCLEMENT    (Place),0.0,,2.0,2,0.0,1.0,(1),(1),1.0,, -1,1.0,0.0,1.0,50.0,732 568,B01,3.0,1.0,0.0,2.0,8.0,9.0,6.0,,,732 568,B01,,,,,,,,,,,,,,,,,,,,,,,,,,,,990 901,1.0,1.0,4.0,1.0,1998.0,9.0,8.0,-1.0,-1.0,0.0,0,-1.0
202200045944,22.0,9.0,2022.0,09:30,1.0,69,69386,2.0,3.0,1.0,1.0,Cours Vitton,45.76929,4.85041,4.0,VITTON                              (CO),0.0,,2.0,2,1.0,1.0,(1),(1),1.0,, -1,1.0,0.0,1.0,30.0,732 164,B01,1.0,1.0,0.0,2.0,1.0,1.0,5.0,,,732 164,B01,,,,,,,,,,,,,,,,,,,,,,,,,,,,990 372,1.0,1.0,4.0,1.0,1962.0,0.0,8.0,-1.0,-1.0,-1.0, -1,-1.0
202200045944,22.0,9.0,2022.0,09:30,1.0,69,69386,2.0,3.0,1.0,1.0,Cours Vitton,45.76929,4.85041,4.0,VITTON                              (CO),0.0,,2.0,2,1.0,1.0,(1),(1),1.0,, -1,1.0,0.0,1.0,30.0,732 164,B01,1.0,1.0,0.0,2.0,1.0,1.0,5.0,,,732 167,A01,,,,,,,,,,,,,,,,,,,,,,,,,,,,990 376,1.0,1.0,4.0,1.0,1988.0,1.0,2.0,6.0,-1.0,-1.0, -1,-1.0
202200046157,10.0,6.0,2022.0,08:55,1.0,69,69388,2.0,3.0,1.0,1.0,Avenue des Frères Lumière,45.74336,4.87426,4.0,FRERES LUMIERE (DES)                (AV),0.0,,1.0,1,2.0,1.0,(1),(1),1.0,, -1,1.0,-1.0,1.0,30.0,731 777,B01,2.0,1.0,0.0,2.0,1.0,1.0,0.0,,,731 777,B01,,,,,,,,,,,,,,,,,,,,,,,,,,,,989 841,1.0,1.0,4.0,1.0,1977.0,1.0,8.0,-1.0,-1.0,0.0,0,-1.0
202200046157,10.0,6.0,2022.0,08:55,1.0,69,69388,2.0,3.0,1.0,1.0,Avenue des Frères Lumière,45.74336,4.87426,4.0,FRERES LUMIERE (DES)                (AV),0.0,,1.0,1,2.0,1.0,(1),(1),1.0,, -1,1.0,-1.0,1.0,30.0,731 777,B01,2.0,1.0,0.0,2.0,1.0,1.0,0.0,,,731 779,A01,,,,,,,,,,,,,,,,,,,,,,,,,,,,989 843,1.0,1.0,1.0,2.0,2003.0,1.0,8.0,-1.0,-1.0,0.0,0,-1.0
202200046463,18.0,2.0,2022.0,19:30,5.0,69,69389,2.0,1.0,6.0,1.0,Pont Georges Clémenceau,45.7748568141,4.8093511322,4.0,GEORGES CLEMENCEAU                  (PT),0.0,,2.0,4,3.0,1.0,(1),(1),1.0,, -1,1.0,2.0,1.0,50.0,731 241,A01,3.0,1.0,0.0,2.0,1.0,8.0,5.0,,,731 240,B01,,,,,,,,,,,,,,,,,,,,,,,,,,,,989 130,1.0,1.0,1.0,1.0,1969.0,4.0,1.0,-1.0,-1.0,-1.0, -1,-1.0
202200046463,18.0,2.0,2022.0,19:30,5.0,69,69389,2.0,1.0,6.0,1.0,Pont Georges Clémenceau,45.7748568141,4.8093511322,4.0,GEORGES CLEMENCEAU                  (PT),0.0,,2.0,4,3.0,1.0,(1),(1),1.0,, -1,1.0,2.0,1.0,50.0,731 241,A01,3.0,1.0,0.0,2.0,1.0,8.0,5.0,,,731 241,A01,,,,,,,,,,,,,,,,,,,,,,,,,,,,989 131,1.0,1.0,3.0,1.0,1998.0,4.0,2.0,-1.0,-1.0,-1.0, -1,-1.0
202200048027,8.0,6.0,2022.0,16:40,1.0,69,69264,2.0,4.0,8.0,2.0,Boulevard Louis Blanc,45.9896424331,4.721609498,4.0,BLANC  LOUIS  BD,0.0,,2.0,2,1.0,2.0,(1),(1),1.0,, -1,2.0,0.0,1.0,50.0,728 487,A01,1.0,1.0,0.0,2.0,1.0,1.0,5.0,,,728 485,B01,,,,,,,,,,,,,,,,,,,,,,,,,,,,985 503,1.0,1.0,1.0,2.0,1999.0,0.0,1.0,-1.0,-1.0,-1.0, -1,-1.0
202200048027,8.0,6.0,2022.0,16:40,1.0,69,69264,2.0,4.0,8.0,2.0,Boulevard Louis Blanc,45.9896424331,4.721609498,4.0,BLANC  LOUIS  BD,0.0,,2.0,2,1.0,2.0,(1),(1),1.0,, -1,2.0,0.0,1.0,50.0,728 487,A01,1.0,1.0,0.0,2.0,1.0,1.0,5.0,,,728 487,A01,,,,,,,,,,,,,,,,,,,,,,,,,,,,985 505,1.0,1.0,4.0,1.0,2007.0,0.0,8.0,-1.0,-1.0,-1.0, -1,-1.0
202200048094,21.0,9.0,2022.0,18:00,1.0,69,69388,2.0,3.0,1.0,2.0,Avenue Jean Mermoz,45.73423,4.87634,4.0,JEAN MERMOZ                         (AV),0.0,,2.0,2,3.0,1.0,(1),(1),1.0,, -1,1.0,0.0,1.0,50.0,728 371,B01,1.0,1.0,0.0,2.0,1.0,1.0,5.0,,,728 371,B01,,,,,,,,,,,,,,,,,,,,,,,,,,,,985 348,1.0,1.0,4.0,1.0,1952.0,0.0,2.0,-1.0,-1.0,-1.0, -1,-1.0
202200048094,21.0,9.0,2022.0,18:00,1.0,69,69388,2.0,3.0,1.0,2.0,Avenue Jean Mermoz,45.73423,4.87634,4.0,JEAN MERMOZ                         (AV),0.0,,2.0,2,3.0,1.0,(1),(1),1.0,, -1,1.0,0.0,1.0,50.0,728 371,B01,1.0,1.0,0.0,2.0,1.0,1.0,5.0,,,728 373,A01,,,,,,,,,,,,,,,,,,,,,,,,,,,,985 351,1.0,1.0,1.0,2.0,1984.0,0.0,1.0,-1.0,-1.0,-1.0, -1,-1.0
202200048150,21.0,9.0,2022.0,15:40,1.0,69,69382,2.0,2.0,1.0,3.0,Rue Grenette,45.76337,4.83423,4.0,GRENETTE                            (R ),0.0,,1.0,2,0.0,1.0,(1),(1),1.0,, -1,1.0,0.0,1.0,50.0,728 271,A01,1.0,1.0,0.0,2.0,7.0,1.0,5.0,,,728 271,A01,,,,,,,,,,,,,,,,,,,,,,,,,,,,985 225,1.0,1.0,4.0,1.0,1990.0,0.0,8.0,-1.0,-1.0,-1.0, -1,-1.0
202200048150,21.0,9.0,2022.0,15:40,1.0,69,69382,2.0,2.0,1.0,3.0,Rue Grenette,45.76337,4.83423,4.0,GRENETTE                            (R ),0.0,,1.0,2,0.0,1.0,(1),(1),1.0,, -1,1.0,0.0,1.0,50.0,728 271,A01,1.0,1.0,0.0,2.0,7.0,1.0,5.0,,,728 277,B01,,,,,,,,,,,,,,,,,,,,,,,,,,,,985 232,1.0,1.0,1.0,1.0,1932.0,0.0,8.0,-1.0,-1.0,-1.0, -1,-1.0
202200048621,17.0,2.0,2022.0,15:20,1.0,69,69383,2.0,2.0,1.0,3.0,Rue Duguesclin,45.75968,4.84908,4.0,DUGUESCLIN                          (R ),0.0,,1.0,1,2.0,1.0,(1),(1),1.0,, -1,1.0,0.0,1.0,50.0,727 430,B01,2.0,1.0,0.0,2.0,7.0,1.0,5.0,,,727 424,A01,,,,,,,,,,,,,,,,,,,,,,,,,,,,984 103,1.0,1.0,1.0,1.0,1980.0,0.0,1.0,-1.0,-1.0,-1.0, -1,-1.0
202200048621,17.0,2.0,2022.0,15:20,1.0,69,69383,2.0,2.0,1.0,3.0,Rue Duguesclin,45.75968,4.84908,4.0,DUGUESCLIN                          (R ),0.0,,1.0,1,2.0,1.0,(1),(1),1.0,, -1,1.0,0.0,1.0,50.0,727 430,B01,2.0,1.0,0.0,2.0,7.0,1.0,5.0,,,727 430,B01,,,,,,,,,,,,,,,,,,,,,,,,,,,,984 111,1.0,1.0,4.0,1.0,1960.0,9.0,2.0,-1.0,-1.0,-1.0, -1,-1.0
202200048635,17.0,2.0,2022.0,13:15,1.0,69,69388,2.0,3.0,1.0,3.0,Avenue Berthelot,45.73789,4.86485,4.0,BERTHELOT                           (AV),0.0,,1.0,2,3.0,1.0,(1),(1),1.0,, -1,1.0,0.0,6.0,50.0,727 397,B01,1.0,1.0,0.0,2.0,1.0,1.0,5.0,,,727 394,A01,,,,,,,,,,,,,,,,,,,,,,,,,,,,984 067,1.0,1.0,1.0,-1.0,,-1.0,8.0,-1.0,-1.0,-1.0, -1,-1.0
202200048635,17.0,2.0,2022.0,13:15,1.0,69,69388,2.0,3.0,1.0,3.0,Avenue Berthelot,45.73789,4.86485,4.0,BERTHELOT                           (AV),0.0,,1.0,2,3.0,1.0,(1),(1),1.0,, -1,1.0,0.0,6.0,50.0,727 397,B01,1.0,1.0,0.0,2.0,1.0,1.0,5.0,,,727 397,B01,,,,,,,,,,,,,,,,,,,,,,,,,,,,984 074,1.0,1.0,4.0,1.0,1990.0,0.0,8.0,-1.0,-1.0,-1.0, -1,-1.0
202200048982,29.0,3.0,2022.0,13:30,1.0,69,69388,2.0,9.0,1.0,3.0,Rue de Nice,45.7321,4.86055,4.0,NICE (DE)                           (R ),0.0,,-1.0,1,2.0,1.0,(1),(1),1.0,, -1,1.0,0.0,5.0,30.0,726 778,B01,3.0,1.0,0.0,2.0,0.0,0.0,0.0,,,726 778,B01,,,,,,,,,,,,,,,,,,,,,,,,,,,,983 249,1.0,1.0,4.0,1.0,1973.0,0.0,8.0,-1.0,-1.0,0.0,0,-1.0
202200048982,29.0,3.0,2022.0,13:30,1.0,69,69388,2.0,9.0,1.0,3.0,Rue de Nice,45.7321,4.86055,4.0,NICE (DE)                           (R ),0.0,,-1.0,1,2.0,1.0,(1),(1),1.0,, -1,1.0,0.0,5.0,30.0,726 778,B01,3.0,1.0,0.0,2.0,0.0,0.0,0.0,,,726 779,A01,,,,,,,,,,,,,,,,,,,,,,,,,,,,983 250,1.0,1.0,4.0,1.0,1963.0,0.0,1.0,-1.0,-1.0,0.0,0,-1.0
202200049266,9.0,5.0,2022.0,14:00,1.0,69,69059,2.0,4.0,1.0,2.0,Route de la Vallée,45.8577552993,4.7120828778,3.0,385,0.0,D,2.0,2,0.0,1.0,69,200,1.0,, -1,1.0,0.0,1.0,50.0,726 272,B01,1.0,1.0,0.0,2.0,4.0,16.0,5.0,,,726 271,A01,,,,,,,,,,,,,,,,,,,,,,,,,,,,982 615,1.0,1.0,1.0,2.0,1946.0,5.0,1.0,-1.0,-1.0,0.0,0,-1.0
202200049266,9.0,5.0,2022.0,14:00,1.0,69,69059,2.0,4.0,1.0,2.0,Route de la Vallée,45.8577552993,4.7120828778,3.0,385,0.0,D,2.0,2,0.0,1.0,69,200,1.0,, -1,1.0,0.0,1.0,50.0,726 272,B01,1.0,1.0,0.0,2.0,4.0,16.0,5.0,,,726 272,B01,,,,,,,,,,,,,,,,,,,,,,,,,,,,982 616,1.0,1.0,3.0,1.0,1959.0,5.0,2.0,-1.0,-1.0,0.0,0,-1.0
202200049306,9.0,5.0,2022.0,08:15,1.0,69,69383,2.0,1.0,1.0,3.0,Rue Feuillat,45.7532238713,4.8769962788,4.0,FEUILLAT                            (R ),0.0,,2.0,2,2.0,1.0,(1),(1),1.0,, -1,1.0,0.0,1.0,30.0,726 185,B01,2.0,1.0,1.0,0.0,7.0,1.0,5.0,,,726 185,B01,,,,,,,,,,,,,,,,,,,,,,,,,,,,982 506,1.0,1.0,4.0,1.0,1986.0,1.0,8.0,-1.0,-1.0,-1.0, -1,-1.0
202200049306,9.0,5.0,2022.0,08:15,1.0,69,69383,2.0,1.0,1.0,3.0,Rue Feuillat,45.7532238713,4.8769962788,4.0,FEUILLAT                            (R ),0.0,,2.0,2,2.0,1.0,(1),(1),1.0,, -1,1.0,0.0,1.0,30.0,726 185,B01,2.0,1.0,1.0,0.0,7.0,1.0,5.0,,,726 186,A01,,,,,,,,,,,,,,,,,,,,,,,,,,,,982 507,1.0,1.0,1.0,1.0,1988.0,1.0,1.0,-1.0,-1.0,-1.0, -1,-1.0
202200049408,7.0,1.0,2022.0,08:50,1.0,69,69386,2.0,2.0,1.0,3.0,Rue Duquesne,45.7723044723,4.8413564265,4.0,DUQUESNE                            (R ),0.0,,2.0,4,2.0,1.0,(1),(1),1.0,, -1,1.0,0.0,1.0,50.0,726 015,A01,1.0,1.0,0.0,2.0,1.0,19.0,5.0,,,726 014,B01,,,,,,,,,,,,,,,,,,,,,,,,,,,,982 262,1.0,1.0,1.0,2.0,1971.0,5.0,1.0,-1.0,-1.0,-1.0, -1,-1.0
202200049408,7.0,1.0,2022.0,08:50,1.0,69,69386,2.0,2.0,1.0,3.0,Rue Duquesne,45.7723044723,4.8413564265,4.0,DUQUESNE                            (R ),0.0,,2.0,4,2.0,1.0,(1),(1),1.0,, -1,1.0,0.0,1.0,50.0,726 015,A01,1.0,1.0,0.0,2.0,1.0,19.0,5.0,,,726 015,A01,,,,,,,,,,,,,,,,,,,,,,,,,,,,982 263,1.0,1.0,4.0,2.0,1953.0,5.0,8.0,-1.0,-1.0,-1.0, -1,-1.0
202200049548,6.0,1.0,2022.0,09:15,1.0,69,69382,2.0,1.0,1.0,3.0,Rue Grenette,45.76345,4.83576,4.0,GRENETTE                            (R ),0.0,,1.0,2,2.0,1.0,(1),(1),1.0,, -1,1.0,0.0,1.0,30.0,725 765,B01,1.0,1.0,0.0,2.0,1.0,1.0,5.0,,,725 765,B01,,,,,,,,,,,,,,,,,,,,,,,,,,,,981 936,1.0,1.0,4.0,1.0,1989.0,9.0,8.0,-1.0,-1.0,-1.0, -1,-1.0
202200049548,6.0,1.0,2022.0,09:15,1.0,69,69382,2.0,1.0,1.0,3.0,Rue Grenette,45.76345,4.83576,4.0,GRENETTE                            (R ),0.0,,1.0,2,2.0,1.0,(1),(1),1.0,, -1,1.0,0.0,1.0,30.0,725 765,B01,1.0,1.0,0.0,2.0,1.0,1.0,5.0,,,725 766,A01,,,,,,,,,,,,,,,,,,,,,,,,,,,,981 937,1.0,1.0,1.0,1.0,1972.0,1.0,8.0,-1.0,-1.0,-1.0, -1,-1.0
202200049739,13.0,8.0,2022.0,12:00,1.0,69,69259,2.0,1.0,1.0,3.0,Avenue Jean Cagne,45.69763,4.86998,4.0,JEAN CAGNE                          (AV),0.0,,2.0,2,2.0,1.0,(1),(1),1.0,, -1,1.0,0.0,5.0,50.0,725 445,B01,3.0,1.0,0.0,2.0,8.0,1.0,0.0,,,725 445,B01,,,,,,,,,,,,,,,,,,,,,,,,,,,,981 531,1.0,1.0,4.0,1.0,1998.0,0.0,8.0,-1.0,-1.0,0.0,0,-1.0
202200049739,13.0,8.0,2022.0,12:00,1.0,69,69259,2.0,1.0,1.0,3.0,Avenue Jean Cagne,45.69763,4.86998,4.0,JEAN CAGNE                          (AV),0.0,,2.0,2,2.0,1.0,(1),(1),1.0,, -1,1.0,0.0,5.0,50.0,725 445,B01,3.0,1.0,0.0,2.0,8.0,1.0,0.0,,,725 449,A01,,,,,,,,,,,,,,,,,,,,,,,,,,,,981 534,1.0,1.0,1.0,1.0,1997.0,4.0,1.0,-1.0,-1.0,0.0,0,-1.0
202200049830,3.0,4.0,2022.0,13:45,1.0,69,69386,2.0,1.0,1.0,7.0,1 Quai Général Sarrail,45.7676414217,4.8412182927,4.0,GENERAL SARRAIL (DU)                (QU),0.0,,1.0,3,1.0,2.0,(1),(1),1.0,, -1,1.0,0.0,5.0,50.0,725 288,A01,1.0,1.0,0.0,0.0,0.0,1.0,5.0,,,725 288,A01,,,,,,,,,,,,,,,,,,,,,,,,,,,,981 326,1.0,1.0,2.0,1.0,1944.0,5.0,0.0,-1.0,-1.0,-1.0, -1,-1.0
202200050507,28.0,3.0,2022.0,17:20,1.0,69,69386,1.0,2.0,1.0,3.0,Rue Bossuet,45.76756,4.84762,4.0,BOSSUET                             (R ),0.0,,1.0,1,2.0,1.0,(1),(1),1.0,, -1,1.0,0.0,1.0,50.0,724 078,A01,2.0,1.0,0.0,2.0,7.0,1.0,5.0,,,724 078,A01,,,,,,,,,,,,,,,,,,,,,,,,,,,,979 708,1.0,1.0,4.0,2.0,1985.0,1.0,2.0,-1.0,-1.0,-1.0, -1,-1.0
202200050507,28.0,3.0,2022.0,17:20,1.0,69,69386,1.0,2.0,1.0,3.0,Rue Bossuet,45.76756,4.84762,4.0,BOSSUET                             (R ),0.0,,1.0,1,2.0,1.0,(1),(1),1.0,, -1,1.0,0.0,1.0,50.0,724 078,A01,2.0,1.0,0.0,2.0,7.0,1.0,5.0,,,724 085,B01,,,,,,,,,,,,,,,,,,,,,,,,,,,,979 716,1.0,1.0,1.0,1.0,1978.0,5.0,1.0,-1.0,-1.0,-1.0, -1,-1.0
202200050538,28.0,3.0,2022.0,06:55,2.0,69,69382,2.0,1.0,1.0,1.0,86 Quai Perrache,45.7316789947,4.8163487178,7.0,PERRACHE                            (QU),0.0,,1.0,2,1.0,1.0,0,1,1.0,, -1,1.0,2.0,1.0,50.0,724 032,B01,2.0,1.0,0.0,2.0,1.0,1.0,5.0,,,724 029,A01,,,,,,,,,,,,,,,,,,,,,,,,,,,,979 641,1.0,1.0,4.0,1.0,1969.0,1.0,2.0,-1.0,-1.0,-1.0, -1,-1.0
202200050538,28.0,3.0,2022.0,06:55,2.0,69,69382,2.0,1.0,1.0,1.0,86 Quai Perrache,45.7316789947,4.8163487178,7.0,PERRACHE                            (QU),0.0,,1.0,2,1.0,1.0,0,1,1.0,, -1,1.0,2.0,1.0,50.0,724 032,B01,2.0,1.0,0.0,2.0,1.0,1.0,5.0,,,724 032,B01,,,,,,,,,,,,,,,,,,,,,,,,,,,,979 646,1.0,1.0,1.0,2.0,1992.0,1.0,2.0,-1.0,-1.0,-1.0, -1,-1.0
202200050576,20.0,9.0,2022.0,16:15,1.0,69,69386,2.0,2.0,1.0,7.0,Rue Vauban,45.76488,4.84357,4.0,VAUBAN                              (R ),0.0,,1.0,1,2.0,1.0,(1),(1),1.0,, -1,1.0,0.0,1.0,30.0,723 960,A01,2.0,1.0,0.0,2.0,0.0,9.0,0.0,,,723 960,A01,,,,,,,,,,,,,,,,,,,,,,,,,,,,979 555,1.0,1.0,4.0,2.0,1945.0,0.0,8.0,-1.0,-1.0,0.0,0,-1.0
202200050576,20.0,9.0,2022.0,16:15,1.0,69,69386,2.0,2.0,1.0,7.0,Rue Vauban,45.76488,4.84357,4.0,VAUBAN                              (R ),0.0,,1.0,1,2.0,1.0,(1),(1),1.0,, -1,1.0,0.0,1.0,30.0,723 960,A01,2.0,1.0,0.0,2.0,0.0,9.0,0.0,,,723 964,B01,,,,,,,,,,,,,,,,,,,,,,,,,,,,979 562,1.0,1.0,1.0,1.0,2001.0,4.0,1.0,-1.0,-1.0,0.0,0,-1.0
202200050584,20.0,9.0,2022.0,17:15,1.0,69,69388,2.0,3.0,1.0,3.0,Rue Paul Cazeneuve,45.73208,4.86073,4.0,PAUL CAZENEUVE                      (R ),0.0,,2.0,2,2.0,1.0,(1),(1),1.0,, -1,1.0,0.0,5.0,30.0,723 942,Y01,3.0,1.0,0.0,2.0,8.0,26.0,5.0,,,723 942,Y01,,,,,,,,,,,,,,,,,,,,,,,,,,,,979 534,1.0,1.0,4.0,1.0,1982.0,1.0,2.0,4.0,-1.0,0.0,0,-1.0
202200050584,20.0,9.0,2022.0,17:15,1.0,69,69388,2.0,3.0,1.0,3.0,Rue Paul Cazeneuve,45.73208,4.86073,4.0,PAUL CAZENEUVE                      (R ),0.0,,2.0,2,2.0,1.0,(1),(1),1.0,, -1,1.0,0.0,5.0,30.0,723 942,Y01,3.0,1.0,0.0,2.0,8.0,26.0,5.0,,,723 946,A01,,,,,,,,,,,,,,,,,,,,,,,,,,,,979 538,1.0,1.0,1.0,1.0,1989.0,5.0,1.0,-1.0,-1.0,0.0,0,-1.0